pref,born
Tottori,4790
Kochi,5518
Shimane,5756
Tokushima,5904
Yamanashi,6651
Akita,6688
Fukui,6874
Wakayama,7587
Saga,7640
Toyama,8188
Kagawa,8397
Yamagata,8651
Ishikawa,9602
Aomori,9711
Iwate,9745
Oita,10072
Miyazaki,10217
Nara,10694
Ehime,11427
Yamaguchi,11551
Nagasaki,12004
Shiga,13363
Kagoshima,15124
Mie,15262
Gunma,16023
Fukushima,16126
Kumamoto,16246
Tochigi,16473
Okayama,16759
Gifu,16887
Okinawa,17098
Nagano,17233
Niigata,18083
Miyagi,19126
Kyoto,21234
Ibaraki,23989
Hiroshima,25546
Shizuoka,31896
Hokkaido,40158
Fukuoka,46818
Hyogo,47834
Chiba,51633
Saitama,59437
Aichi,69872
Osaka,75080
Kanagawa,78077
Tokyo,108135
