fixed_acidity,volatile_acidity,citric_acid,residual_sugar,chlorides,free_sulfur_dioxide,total_sulfur_dioxide,density,pH,sulphates,alcohol,quality
6.2,0.32,0.16,7.0,0.045,30.0,136.0,0.9949,3.18,0.47,9.6,6
8.1,0.27,0.41,1.45,0.033,11.0,63.0,0.9908,2.99,0.56,12.0,5
7.9,0.18,0.37,1.2,0.04,16.0,75.0,0.992,3.18,0.63,10.8,5
6.6,0.17,0.38,1.5,0.032,28.0,112.0,0.9914,3.25,0.55,11.4,7
6.2,0.66,0.48,1.2,0.028999999999999998,29.0,75.0,0.9892,3.33,0.39,12.8,8
6.4,0.31,0.38,2.9,0.038,19.0,102.0,0.9912,3.17,0.35,11.0,7
7.6,0.67,0.14,1.5,0.07400000000000001,25.0,168.0,0.9937,3.05,0.51,9.3,5
6.6,0.27,0.41,1.3,0.052000000000000005,16.0,142.0,0.9951,3.42,0.47,10.0,6
7.0,0.25,0.32,9.0,0.046,56.0,245.0,0.9955,3.25,0.5,10.4,6
6.9,0.24,0.35,1.0,0.052000000000000005,35.0,146.0,0.993,3.45,0.44,10.0,6
6.7,0.24,0.39,2.9,0.17300000000000001,63.0,157.0,0.9937,3.1,0.34,9.4,6
6.6,0.24,0.27,1.4,0.057,33.0,152.0,0.9934,3.22,0.56,9.5,6
7.2,0.19,0.31,1.6,0.062,31.0,173.0,0.9917,3.35,0.44,11.7,6
6.6,0.25,0.29,1.1,0.068,39.0,124.0,0.9914,3.34,0.58,11.0,7
7.2,0.21,0.34,11.9,0.043,37.0,213.0,0.9962,3.09,0.5,9.6,6
6.8,0.22,0.24,4.9,0.092,30.0,123.0,0.9951,3.03,0.46,8.6,6
7.2,0.24,0.27,1.4,0.038,31.0,122.0,0.9927,3.15,0.46,10.3,6
6.2,0.35,0.03,1.2,0.064,29.0,120.0,0.9934,3.22,0.54,9.1,5
6.4,0.26,0.24,6.4,0.04,27.0,124.0,0.9903,3.22,0.49,12.6,7
6.7,0.25,0.13,1.2,0.040999999999999995,81.0,174.0,0.992,3.14,0.42,9.8,5
7.4,0.24,0.29,10.1,0.05,21.0,105.0,0.9962,3.13,0.35,9.5,5
6.0,0.27,0.28,4.8,0.063,31.0,201.0,0.9964,3.69,0.71,10.0,5
6.7,0.23,0.31,2.1,0.046,30.0,96.0,0.9926,3.33,0.64,10.7,8
7.1,0.18,0.36,1.4,0.043,31.0,87.0,0.9898,3.26,0.37,12.7,7
7.4,0.18,0.3,8.8,0.064,26.0,103.0,0.9961,2.94,0.56,9.3,5
7.1,0.43,0.61,11.8,0.045,54.0,155.0,0.9974,3.11,0.45,8.7,5
7.1,0.43,0.61,11.8,0.045,54.0,155.0,0.9974,3.11,0.45,8.7,5
7.2,0.39,0.63,11.0,0.044000000000000004,55.0,156.0,0.9974,3.09,0.44,8.7,6
7.1,0.26,0.29,12.4,0.044000000000000004,62.0,240.0,0.9969,3.04,0.42,9.2,6
6.0,0.34,0.66,15.9,0.046,26.0,164.0,0.9979,3.14,0.5,8.8,6
9.8,0.36,0.46,10.5,0.038,4.0,83.0,0.9956,2.89,0.3,10.1,4
7.1,0.12,0.32,9.6,0.054000000000000006,64.0,162.0,0.9962,3.4,0.41,9.4,5
7.1,0.23,0.35,16.5,0.04,60.0,171.0,0.9990000000000001,3.16,0.59,9.1,6
6.5,0.17,0.54,8.5,0.08199999999999999,64.0,163.0,0.9959,2.89,0.39,8.8,6
7.2,0.27,0.46,18.75,0.052000000000000005,45.0,255.0,1.0,3.04,0.52,8.9,5
6.7,0.41,0.34,9.2,0.049,29.0,150.0,0.9968,3.22,0.51,9.1,5
7.3,0.32,0.48,13.3,0.06,57.0,196.0,0.9982,3.04,0.5,9.2,5
5.9,0.36,0.04,5.7,0.046,21.0,87.0,0.9934,3.22,0.51,10.2,5
7.4,0.16,0.31,6.85,0.059000000000000004,31.0,131.0,0.9952,3.29,0.34,9.7,5
6.1,0.3,0.56,2.8,0.044000000000000004,47.0,179.0,0.9924,3.3,0.57,10.9,7
5.7,0.26,0.25,10.4,0.02,7.0,57.0,0.9940000000000001,3.39,0.37,10.6,5
6.5,0.24,0.32,7.6,0.038,48.0,203.0,0.9958,3.45,0.54,9.7,7
7.1,0.37,0.67,10.5,0.045,49.0,155.0,0.9975,3.16,0.44,8.7,5
6.8,0.19,0.36,1.9,0.035,30.0,96.0,0.9917,3.15,0.54,10.8,7
7.1,0.37,0.67,10.5,0.045,49.0,155.0,0.9975,3.16,0.44,8.7,5
7.9,0.21,0.4,1.2,0.039,38.0,107.0,0.992,3.21,0.54,10.8,6
6.3,0.255,0.37,1.1,0.04,37.0,114.0,0.9905,3.0,0.39,10.9,6
6.9,0.25,0.3,4.1,0.054000000000000006,23.0,116.0,0.9940000000000001,2.99,0.38,9.4,6
7.2,0.18,0.41,1.2,0.048,41.0,97.0,0.9919,3.14,0.45,10.4,5
8.2,0.23,0.4,7.5,0.049,12.0,76.0,0.9966,3.06,0.84,9.7,6
5.2,0.44,0.04,1.4,0.036000000000000004,43.0,119.0,0.9894,3.36,0.33,12.1,8
6.7,0.24,0.35,13.1,0.05,64.0,205.0,0.997,3.15,0.5,9.5,5
6.8,0.26,0.56,11.9,0.043,64.0,226.0,0.997,3.02,0.63,9.3,5
6.4,0.29,0.44,3.6,0.2,75.0,181.0,0.9942,3.02,0.41,9.1,5
6.4,0.29,0.44,3.6,0.19699999999999998,75.0,183.0,0.9942,3.01,0.38,9.1,5
6.8,0.26,0.24,7.8,0.052000000000000005,54.0,214.0,0.9961,3.13,0.47,8.9,5
6.4,0.21,0.5,11.6,0.042,45.0,153.0,0.9972,3.15,0.43,8.8,5
6.8,0.57,0.29,2.2,0.04,15.0,77.0,0.9938,3.32,0.74,10.2,5
6.1,0.4,0.31,0.9,0.048,23.0,170.0,0.993,3.22,0.77,9.5,6
7.5,0.27,0.36,7.0,0.036000000000000004,45.0,164.0,0.9939,3.03,0.33,11.0,5
6.3,0.495,0.22,1.8,0.046,31.0,140.0,0.9929,3.39,0.54,10.4,6
8.3,0.28,0.4,7.8,0.040999999999999995,38.0,194.0,0.9976,3.34,0.51,9.6,6
7.2,0.23,0.38,14.3,0.057999999999999996,55.0,194.0,0.9979,3.09,0.44,9.0,6
7.1,0.21,0.37,2.4,0.026000000000000002,23.0,100.0,0.9903,3.15,0.38,11.4,7
6.8,0.24,0.34,2.7,0.047,64.5,218.5,0.9934,3.3,0.58,9.7,6
6.1,0.18,0.36,2.0,0.038,20.0,249.5,0.9923,3.37,0.79,11.3,6
5.9,0.21,0.28,4.6,0.053,40.0,199.0,0.9964,3.72,0.7,10.0,4
6.9,0.4,0.56,11.2,0.043,40.0,142.0,0.9975,3.14,0.46,8.7,5
6.7,0.26,0.39,1.1,0.04,45.0,147.0,0.9935,3.32,0.58,9.6,8
6.3,0.35,0.3,5.7,0.035,8.0,97.0,0.9927,3.27,0.41,11.0,7
6.4,0.23,0.39,1.8,0.032,23.0,118.0,0.9912,3.32,0.5,11.8,6
5.8,0.36,0.38,0.9,0.037000000000000005,3.0,75.0,0.9904,3.28,0.34,11.4,4
5.3,0.58,0.07,6.9,0.043,34.0,149.0,0.9944,3.34,0.57,9.7,5
5.4,0.59,0.07,7.0,0.045,36.0,147.0,0.9944,3.34,0.57,9.7,6
6.9,0.32,0.26,8.3,0.053,32.0,180.0,0.9965,3.25,0.51,9.2,6
6.6,0.58,0.3,5.1,0.057,30.0,123.0,0.9949,3.24,0.38,9.0,5
6.7,0.34,0.3,15.6,0.054000000000000006,51.0,196.0,0.9982,3.19,0.49,9.3,5
6.5,0.28,0.33,15.7,0.053,51.0,190.0,0.9978,3.22,0.51,9.7,6
7.5,0.17,0.44,11.3,0.046,65.0,146.0,0.997,3.17,0.45,10.0,6
6.0,0.29,0.21,1.3,0.055,42.0,168.0,0.9914,3.32,0.43,11.1,6
5.7,0.36,0.21,6.7,0.038,51.0,166.0,0.9941,3.29,0.63,10.0,6
5.9,0.3,0.47,7.85,0.03,19.0,133.0,0.9933,3.52,0.43,11.5,7
6.0,0.1,0.24,1.1,0.040999999999999995,15.0,65.0,0.9927,3.61,0.61,10.3,7
6.8,0.25,0.34,4.7,0.031,34.0,134.0,0.9927,3.21,0.38,10.6,6
7.5,0.27,0.31,5.8,0.057,131.0,313.0,0.9946,3.18,0.59,10.5,5
7.9,0.26,0.41,15.15,0.04,38.0,216.0,0.9976,2.96,0.6,10.0,6
5.6,0.26,0.26,5.7,0.031,12.0,80.0,0.9923,3.25,0.38,10.8,5
6.3,0.23,0.3,1.8,0.033,16.0,91.0,0.9906,3.28,0.4,11.8,6
6.7,0.19,0.41,15.6,0.055999999999999994,75.0,155.0,0.9995,3.2,0.44,8.8,6
5.5,0.335,0.3,2.5,0.071,27.0,128.0,0.9924,3.14,0.51,9.6,6
7.3,0.22,0.37,14.3,0.063,48.0,191.0,0.9978,2.89,0.38,9.0,6
6.8,0.16,0.4,2.3,0.037000000000000005,18.0,102.0,0.9923,3.49,0.42,11.4,7
7.7,0.29,0.48,2.3,0.049,36.0,178.0,0.9931,3.17,0.64,10.6,6
7.3,0.2,0.44,1.4,0.045,21.0,98.0,0.9924,3.15,0.46,10.0,7
7.3,0.2,0.44,1.4,0.045,21.0,98.0,0.9924,3.15,0.46,10.0,7
7.5,0.35,0.28,9.6,0.051,26.0,157.0,0.9969,3.12,0.53,9.2,6
7.2,0.27,0.27,2.4,0.048,30.0,149.0,0.9936,3.1,0.51,9.2,6
6.0,0.36,0.39,3.2,0.027000000000000003,20.0,125.0,0.991,3.38,0.39,11.3,7
7.0,0.3,0.38,14.9,0.032,60.0,181.0,0.9983,3.18,0.61,9.3,7
6.5,0.36,0.32,1.1,0.031,13.0,66.0,0.9916,3.1,0.46,10.6,5
6.8,0.37,0.51,11.8,0.044000000000000004,62.0,163.0,0.9976,3.19,0.44,8.8,5
6.3,0.2,0.4,1.5,0.037000000000000005,35.0,107.0,0.9917,3.46,0.5,11.4,6
6.8,0.37,0.51,11.8,0.044000000000000004,62.0,163.0,0.9976,3.19,0.44,8.8,5
6.3,0.14,0.39,1.2,0.044000000000000004,26.0,116.0,0.992,3.26,0.53,10.3,6
7.3,0.28,0.36,12.7,0.04,38.0,140.0,0.998,3.3,0.79,9.6,6
7.4,0.21,0.27,1.2,0.040999999999999995,27.0,99.0,0.9927,3.19,0.33,9.8,6
7.4,0.31,0.28,1.6,0.05,33.0,137.0,0.9929,3.31,0.56,10.5,6
7.0,0.21,0.28,8.6,0.045,37.0,221.0,0.9954,3.25,0.54,10.4,6
7.0,0.21,0.28,8.6,0.045,37.0,221.0,0.9954,3.25,0.54,10.4,6
7.1,0.31,0.47,13.6,0.055999999999999994,54.0,197.0,0.9978,3.1,0.49,9.3,5
6.8,0.29,0.5,13.3,0.053,48.0,194.0,0.9974,3.09,0.45,9.4,5
7.0,0.23,0.36,7.1,0.027999999999999997,31.0,104.0,0.9922,3.35,0.47,12.1,8
6.2,0.35,0.04,1.2,0.06,23.0,108.0,0.9934,3.26,0.54,9.2,5
6.7,0.22,0.37,1.6,0.027999999999999997,24.0,102.0,0.9913,3.29,0.59,11.6,7
6.1,0.38,0.2,6.6,0.033,25.0,137.0,0.9938,3.3,0.69,10.4,6
6.0,0.25,0.28,2.2,0.026000000000000002,54.0,126.0,0.9898,3.43,0.65,12.9,8
6.5,0.41,0.24,14.0,0.048,24.0,113.0,0.9982,3.44,0.53,9.8,6
6.5,0.41,0.24,14.0,0.048,24.0,113.0,0.9982,3.44,0.53,9.8,6
6.4,0.28,0.29,1.6,0.052000000000000005,34.0,127.0,0.9929,3.48,0.56,10.5,7
6.0,0.27,0.27,1.6,0.046,32.0,113.0,0.9924,3.41,0.51,10.5,7
6.4,0.28,0.29,1.6,0.052000000000000005,34.0,127.0,0.9929,3.48,0.56,10.5,7
6.8,0.32,0.21,2.2,0.044000000000000004,15.0,68.0,0.9932,3.17,0.39,9.4,6
7.0,0.14,0.32,9.0,0.039,54.0,141.0,0.9956,3.22,0.43,9.4,6
8.6,0.37,0.7,12.15,0.039,21.0,158.0,0.9983,3.0,0.73,9.3,6
6.5,0.38,0.34,3.4,0.036000000000000004,34.0,200.0,0.9937,3.14,0.76,10.0,5
7.0,0.17,0.31,4.8,0.034,34.0,132.0,0.9944,3.36,0.48,9.6,7
6.8,0.23,0.32,1.6,0.026000000000000002,43.0,147.0,0.9904,3.29,0.54,12.5,6
7.2,0.28,0.54,16.7,0.045,54.0,200.0,0.9990000000000001,3.08,0.49,9.5,6
7.8,0.18,0.31,12.2,0.053,46.0,140.0,0.998,3.06,0.53,8.9,6
7.4,0.15,0.42,1.7,0.045,49.0,154.0,0.992,3.0,0.6,10.4,6
6.9,0.25,0.4,1.3,0.038,22.0,101.0,0.9901,3.03,0.39,11.4,6
5.8,0.36,0.32,1.7,0.033,22.0,96.0,0.9898,3.03,0.38,11.2,6
5.9,0.32,0.39,3.3,0.114,24.0,140.0,0.9934,3.09,0.45,9.2,6
7.9,0.345,0.51,15.3,0.047,54.0,171.0,0.9987,3.09,0.51,9.1,5
6.1,0.24,0.3,1.5,0.045,22.0,61.0,0.992,3.31,0.54,10.4,5
6.7,0.31,0.31,9.9,0.04,10.0,175.0,0.9953,3.46,0.55,11.4,4
5.5,0.35,0.35,1.1,0.045,14.0,167.0,0.992,3.34,0.68,9.9,6
6.4,0.16,0.22,1.4,0.04,41.0,149.0,0.9933,3.49,0.58,10.0,6
6.1,0.41,0.24,1.6,0.049,16.0,137.0,0.993,3.32,0.5,10.4,6
5.9,0.21,0.24,12.1,0.044000000000000004,53.0,165.0,0.9969,3.25,0.39,9.5,5
7.2,0.34,0.44,4.2,0.047,51.0,144.0,0.991,3.01,0.76,12.3,6
6.7,0.21,0.42,9.1,0.049,31.0,150.0,0.9953,3.12,0.74,9.9,7
7.8,0.22,0.38,10.3,0.059000000000000004,28.0,99.0,0.9967,3.12,0.47,10.0,6
6.1,0.26,0.51,2.2,0.05,61.0,154.0,0.9929,3.08,0.6,9.8,6
7.2,0.2,0.34,2.7,0.032,49.0,151.0,0.99,3.16,0.39,12.7,7
5.7,0.18,0.22,4.2,0.042,25.0,111.0,0.9940000000000001,3.35,0.39,9.4,5
6.6,0.25,0.3,1.6,0.046,32.0,134.0,0.993,3.42,0.51,10.1,7
7.4,0.24,0.22,10.7,0.042,26.0,81.0,0.9954,2.86,0.36,9.7,6
6.1,0.32,0.25,1.7,0.034,37.0,136.0,0.992,3.47,0.5,10.8,7
6.9,0.19,0.4,1.4,0.036000000000000004,14.0,55.0,0.9909,3.08,0.68,11.5,7
6.7,0.3,0.35,1.4,0.18,36.0,160.0,0.9937,3.11,0.54,9.4,6
7.4,0.24,0.4,4.3,0.032,9.0,95.0,0.992,3.09,0.39,11.1,6
7.5,0.23,0.68,11.0,0.047,37.0,133.0,0.9978,2.99,0.38,8.8,5
7.8,0.32,0.33,2.4,0.037000000000000005,18.0,101.0,0.9912,3.21,0.65,11.7,7
7.8,0.26,0.27,1.9,0.051,52.0,195.0,0.9928,3.23,0.5,10.9,6
6.5,0.26,0.43,8.9,0.083,50.0,171.0,0.9965,2.85,0.5,9.0,5
7.2,0.24,0.34,1.1,0.045,3.0,64.0,0.9913,3.23,0.51,11.4,5
6.0,0.36,0.06,1.4,0.066,27.0,128.0,0.9934,3.26,0.55,9.3,5
7.0,0.23,0.42,18.05,0.05,35.0,144.0,0.9999,3.22,0.42,8.8,5
6.1,0.17,0.28,4.5,0.033,46.0,150.0,0.9933,3.43,0.49,10.9,6
5.9,0.14,0.25,4.5,0.027000000000000003,34.0,140.0,0.9934,3.49,0.51,10.8,6
5.8,0.335,0.14,5.8,0.046,49.0,197.0,0.9937,3.3,0.71,10.3,5
7.1,0.26,0.34,14.4,0.067,35.0,189.0,0.9986,3.07,0.53,9.1,7
6.5,0.21,0.37,2.5,0.048,70.0,138.0,0.9917,3.33,0.75,11.4,7
7.7,0.27,0.35,5.3,0.03,30.0,117.0,0.992,3.11,0.42,12.2,6
6.8,0.25,0.34,14.0,0.032,47.0,133.0,0.9952,3.37,0.5,12.2,7
7.0,0.57,0.1,8.3,0.094,23.0,188.0,0.9972,3.4,0.47,9.2,4
7.1,0.17,0.38,7.4,0.052000000000000005,49.0,182.0,0.9958,3.35,0.52,9.6,6
6.4,0.24,0.5,11.6,0.047,60.0,211.0,0.9966,3.18,0.57,9.3,5
6.7,0.31,0.3,2.1,0.038,18.0,130.0,0.9928,3.36,0.63,10.6,6
6.8,0.22,0.35,5.5,0.043,21.0,114.0,0.9938,3.3,0.53,10.7,7
6.0,0.36,0.16,6.3,0.036000000000000004,36.0,191.0,0.9942,3.17,0.62,9.8,5
7.5,0.31,0.51,14.8,0.039,62.0,204.0,0.9982,3.06,0.6,9.5,5
6.6,0.38,0.18,1.2,0.042,20.0,84.0,0.9927,3.22,0.45,10.1,4
6.2,0.47,0.21,1.0,0.044000000000000004,13.0,98.0,0.99345,3.14,0.46,9.2,5
8.2,0.27,0.43,1.6,0.035,31.0,128.0,0.9916,3.1,0.5,12.3,6
6.4,0.31,0.39,7.5,0.04,57.0,213.0,0.99475,3.32,0.43,10.0,5
7.7,0.42,0.31,9.2,0.048,22.0,221.0,0.9969,3.06,0.61,9.2,6
6.2,0.21,0.27,1.7,0.038,41.0,150.0,0.9933,3.49,0.71,10.5,7
6.0,0.3,0.44,1.5,0.046,15.0,182.0,0.99455,3.5,0.52,10.4,5
6.9,0.31,0.34,1.6,0.032,23.0,128.0,0.9917,3.37,0.47,11.7,6
7.2,0.29,0.4,7.6,0.024,56.0,177.0,0.9928,3.04,0.32,11.5,6
5.9,0.35,0.47,2.2,0.11,14.0,138.0,0.9932,3.09,0.5,9.1,5
7.1,0.28,0.44,1.8,0.032,32.0,107.0,0.9907,3.25,0.48,12.2,7
7.1,0.13,0.4,1.2,0.047,54.0,134.0,0.9932,3.3,0.97,9.8,7
7.0,0.2,0.38,8.1,0.05,42.0,173.0,0.99585,3.3,0.54,9.8,6
6.3,0.3,0.28,5.0,0.042,36.0,168.0,0.99505,3.22,0.69,9.5,6
7.2,0.27,0.42,1.6,0.05,35.0,135.0,0.992,2.94,0.46,11.0,6
6.7,0.11,0.34,8.8,0.043,41.0,113.0,0.9962,3.42,0.4,9.3,7
6.8,0.12,0.31,5.2,0.045,29.0,120.0,0.9942,3.41,0.46,9.8,7
6.6,0.16,0.57,1.1,0.13,58.0,140.0,0.9927,3.12,0.39,9.3,7
6.6,0.21,0.6,1.1,0.135,61.0,144.0,0.9927,3.12,0.39,9.3,7
6.1,0.27,0.3,16.7,0.039,49.0,172.0,0.99985,3.4,0.45,9.4,5
7.2,0.23,0.19,13.7,0.052000000000000005,47.0,197.0,0.99865,3.12,0.53,9.0,5
6.9,0.22,0.37,15.0,0.053,59.0,178.0,0.9992,3.37,0.82,9.5,7
6.0,0.395,0.0,1.4,0.042,7.0,55.0,0.99135,3.37,0.38,11.2,4
5.9,0.24,0.3,2.0,0.033,28.0,92.0,0.99225,3.39,0.69,10.9,7
7.4,0.32,0.27,1.4,0.049,38.0,173.0,0.99335,3.03,0.52,9.3,5
6.6,0.21,0.31,11.4,0.039,46.0,165.0,0.99795,3.41,0.44,9.8,7
7.3,0.32,0.34,6.6,0.032,24.0,112.0,0.99505,3.22,0.46,9.8,6
6.0,0.28,0.49,6.8,0.048,61.0,222.0,0.9953,3.19,0.47,9.3,5
6.0,0.41,0.05,1.5,0.063,17.0,120.0,0.9932,3.21,0.56,9.2,6
7.3,0.655,0.2,10.2,0.071,28.0,212.0,0.9971,2.96,0.58,9.2,6
6.7,0.19,0.23,6.2,0.047,36.0,117.0,0.9945,3.34,0.43,9.6,6
7.1,0.16,0.36,10.7,0.044000000000000004,20.0,90.0,0.9959,3.16,0.44,10.9,7
7.4,0.17,0.4,5.5,0.037000000000000005,34.0,161.0,0.9935,3.05,0.62,11.5,4
8.7,0.23,0.32,13.4,0.044000000000000004,35.0,169.0,0.99975,3.12,0.47,8.8,7
6.9,0.19,0.35,1.7,0.036000000000000004,33.0,101.0,0.99315,3.21,0.54,10.8,7
6.6,0.22,0.37,15.4,0.035,62.0,153.0,0.99845,3.02,0.4,9.3,5
6.9,0.19,0.35,1.7,0.036000000000000004,33.0,101.0,0.99315,3.21,0.54,10.8,7
8.2,0.38,0.49,13.6,0.042,58.0,166.0,0.99855,3.1,0.54,9.4,5
4.8,0.34,0.0,6.5,0.027999999999999997,33.0,163.0,0.9939,3.36,0.61,9.9,6
6.1,0.27,0.33,2.2,0.021,26.0,117.0,0.9886,3.12,0.3,12.5,6
7.3,0.28,0.42,14.4,0.04,49.0,173.0,0.9994,3.28,0.82,9.0,7
7.7,0.34,0.58,11.1,0.039,41.0,151.0,0.9978,3.06,0.49,8.6,5
7.4,0.26,0.43,6.0,0.022000000000000002,22.0,125.0,0.9928,3.13,0.55,11.5,6
5.8,0.26,0.18,1.2,0.031,40.0,114.0,0.9908,3.42,0.4,11.0,7
5.9,0.26,0.3,1.0,0.036000000000000004,38.0,114.0,0.9928,3.58,0.48,9.4,5
7.0,0.31,0.29,1.4,0.037000000000000005,33.0,128.0,0.9896,3.12,0.36,12.2,7
6.8,0.18,0.28,8.7,0.047,52.0,242.0,0.9952,3.22,0.53,10.5,6
6.6,0.2,0.38,7.9,0.052000000000000005,30.0,145.0,0.9947,3.32,0.56,11.0,7
8.0,0.29,0.29,13.2,0.046,26.0,113.0,0.9983,3.25,0.37,9.7,6
6.1,0.28,0.35,12.8,0.048,63.0,229.0,0.9975,3.08,0.4,8.9,5
5.9,0.31,0.3,7.7,0.047,60.0,206.0,0.995,3.2,0.39,9.6,6
8.4,0.19,0.42,1.6,0.047,9.0,101.0,0.9940000000000001,3.06,0.65,11.1,4
5.6,0.29,0.05,0.8,0.038,11.0,30.0,0.9924,3.36,0.35,9.2,5
7.7,0.32,0.62,10.6,0.036000000000000004,56.0,153.0,0.9978,3.13,0.44,8.9,6
5.4,0.595,0.1,2.8,0.042,26.0,80.0,0.9932,3.36,0.38,9.3,5
6.5,0.26,0.28,12.5,0.046,80.0,225.0,0.99685,3.18,0.41,10.0,6
6.2,0.35,0.29,7.3,0.044000000000000004,56.0,244.0,0.9956,3.36,0.55,10.0,6
6.5,0.18,0.33,8.0,0.051,16.0,131.0,0.9965,3.28,0.44,8.7,7
8.5,0.16,0.35,1.6,0.039,24.0,147.0,0.9935,2.96,0.36,10.0,5
6.8,0.705,0.25,3.2,0.048,10.0,57.0,0.996,3.36,0.52,9.5,4
7.3,0.25,0.39,6.4,0.034,8.0,84.0,0.9942,3.18,0.46,11.5,5
7.5,0.32,0.26,1.8,0.042,13.0,133.0,0.9938,3.07,0.38,9.5,5
6.6,0.2,0.32,1.1,0.039,25.0,78.0,0.9926,3.39,0.54,10.2,7
6.5,0.08,0.33,1.9,0.027999999999999997,23.0,93.0,0.991,3.34,0.7,12.0,7
6.8,0.22,0.35,17.5,0.039,38.0,153.0,0.9994,3.24,0.42,9.0,6
7.6,0.3,0.25,4.3,0.054000000000000006,22.0,111.0,0.9956,3.12,0.49,9.2,5
6.5,0.14,0.33,7.6,0.05,53.0,189.0,0.9966,3.25,0.49,8.6,5
7.7,0.28,0.33,6.7,0.037000000000000005,32.0,155.0,0.9951,3.39,0.62,10.7,7
6.0,0.2,0.71,1.6,0.15,10.0,54.0,0.9927,3.12,0.47,9.8,5
7.7,0.28,0.39,8.9,0.036000000000000004,8.0,117.0,0.9935,3.06,0.38,12.0,7
8.6,0.16,0.38,3.4,0.04,41.0,143.0,0.9932,2.95,0.39,10.2,6
6.5,0.25,0.27,15.2,0.049,75.0,217.0,0.9972,3.19,0.39,9.9,5
7.8,0.27,0.34,1.6,0.046,27.0,154.0,0.9927,3.05,0.45,10.5,6
6.4,0.28,0.41,6.8,0.045,61.0,216.0,0.9952,3.09,0.46,9.4,5
6.9,0.24,0.39,1.3,0.063,18.0,136.0,0.9928,3.31,0.48,10.4,7
6.2,0.15,0.46,1.6,0.039,38.0,123.0,0.993,3.38,0.51,9.7,6
7.1,0.3,0.36,6.8,0.055,44.5,234.0,0.9972,3.49,0.64,10.2,6
8.8,0.17,0.38,1.8,0.04,39.0,148.0,0.9942,3.16,0.67,10.2,6
7.5,0.17,0.34,1.4,0.035,13.0,102.0,0.9918,3.05,0.74,11.0,5
7.3,0.49,0.32,5.2,0.043,18.0,104.0,0.9952,3.24,0.45,10.7,4
7.3,0.15,0.4,2.0,0.05,24.0,92.0,0.9932,3.14,0.45,10.5,5
6.5,0.19,0.1,1.3,0.046,23.0,107.0,0.9937,3.29,0.45,10.0,5
9.4,0.29,0.55,2.2,0.05,17.0,119.0,0.9962,3.12,0.69,10.3,4
7.2,0.51,0.24,10.0,0.09300000000000001,35.0,197.0,0.9981,3.41,0.47,9.0,5
5.3,0.3,0.2,1.1,0.077,48.0,166.0,0.9944,3.3,0.54,8.7,4
6.7,0.26,0.26,4.0,0.079,35.5,216.0,0.9956,3.31,0.68,9.5,5
6.7,0.26,0.26,4.1,0.073,36.0,202.0,0.9956,3.3,0.67,9.5,5
6.4,0.3,0.51,5.5,0.048,62.0,172.0,0.9942,3.08,0.45,9.1,6
8.2,0.29,0.33,9.1,0.036000000000000004,28.0,118.0,0.9953,2.96,0.4,10.9,7
7.7,0.34,0.3,8.0,0.048,25.0,192.0,0.9951,2.97,0.47,10.9,5
6.8,0.15,0.33,4.7,0.059000000000000004,31.0,118.0,0.9956,3.43,0.39,9.0,7
6.3,0.23,0.21,5.1,0.035,29.0,142.0,0.9942,3.36,0.33,10.1,7
7.4,0.2,0.37,16.95,0.048,43.0,190.0,0.9995,3.03,0.42,9.2,6
7.2,0.21,0.35,14.5,0.048,35.0,178.0,0.9982,3.05,0.47,8.9,6
8.4,0.17,0.31,6.7,0.038,29.0,132.0,0.9945,3.1,0.32,10.6,7
5.3,0.24,0.33,1.3,0.033,25.0,97.0,0.9906,3.59,0.38,11.0,8
6.5,0.28,0.26,8.8,0.04,44.0,139.0,0.9956,3.32,0.37,10.2,6
6.3,0.16,0.4,1.6,0.033,59.0,148.0,0.9914,3.44,0.53,11.4,5
5.2,0.24,0.45,3.8,0.027000000000000003,21.0,128.0,0.992,3.55,0.49,11.2,8
7.2,0.37,0.15,2.0,0.028999999999999998,27.0,87.0,0.9903,3.3,0.59,12.6,7
7.2,0.37,0.15,2.0,0.028999999999999998,27.0,87.0,0.9903,3.3,0.59,12.6,7
8.0,0.18,0.37,1.3,0.04,15.0,96.0,0.9912,3.06,0.61,12.1,6
6.5,0.22,0.34,12.0,0.053,55.0,177.0,0.9983,3.52,0.44,9.9,6
6.4,0.5,0.16,12.9,0.042,26.0,138.0,0.9974,3.28,0.33,9.0,5
6.3,0.55,0.45,13.0,0.047,33.0,182.0,0.9974,3.2,0.46,9.2,6
6.9,0.2,0.28,1.2,0.048,36.0,159.0,0.9936,3.19,0.43,9.1,6
6.7,0.25,0.34,12.85,0.048,30.0,161.0,0.9986,3.44,0.47,9.5,6
9.2,0.28,0.46,3.2,0.057999999999999996,39.0,133.0,0.996,3.14,0.58,9.5,5
9.3,0.34,0.49,7.3,0.052000000000000005,30.0,146.0,0.998,3.17,0.61,10.2,5
7.2,0.25,0.32,1.5,0.047,27.0,132.0,0.9933,3.26,0.44,10.5,5
6.9,0.32,0.17,7.6,0.042,69.0,219.0,0.9959,3.13,0.4,8.9,5
6.6,0.25,0.41,7.4,0.043,29.0,151.0,0.9946,3.15,0.6,10.2,7
8.2,0.23,0.49,0.9,0.057,15.0,73.0,0.9928,3.07,0.38,10.4,6
6.1,0.45,0.27,0.8,0.039,13.0,82.0,0.9927,3.23,0.32,9.5,5
8.2,0.61,0.45,5.4,0.03,15.0,118.0,0.9954,3.14,0.34,9.6,5
7.4,0.22,0.33,2.0,0.045,31.0,101.0,0.9931,3.42,0.55,11.4,5
6.3,0.32,0.35,11.1,0.039,29.0,198.0,0.9984,3.36,0.5,9.4,7
7.5,0.42,0.45,9.1,0.028999999999999998,20.0,125.0,0.996,3.12,0.36,10.1,6
7.4,0.22,0.33,2.0,0.045,31.0,101.0,0.9931,3.42,0.55,11.4,5
6.4,0.26,0.3,2.2,0.025,33.0,134.0,0.992,3.21,0.47,10.6,6
7.6,0.26,0.47,1.6,0.068,5.0,55.0,0.9944,3.1,0.45,9.6,5
6.2,0.37,0.22,8.3,0.025,36.0,216.0,0.9964,3.33,0.6,9.6,6
7.9,0.22,0.45,14.2,0.038,53.0,141.0,0.9992,3.03,0.46,9.2,6
7.3,0.22,0.4,14.75,0.042,44.5,129.5,0.9998,3.36,0.41,9.1,7
5.0,0.33,0.16,1.5,0.049,10.0,97.0,0.9917,3.48,0.44,10.7,6
8.9,0.33,0.32,1.5,0.047,11.0,200.0,0.9954,3.19,0.46,9.4,5
6.4,0.3,0.38,7.8,0.046,35.0,192.0,0.9955,3.1,0.37,9.0,5
7.3,0.27,0.39,6.7,0.064,28.0,188.0,0.9958,3.29,0.3,9.7,5
9.7,0.24,0.45,1.2,0.033,11.0,59.0,0.9926,2.74,0.47,10.8,6
8.2,0.37,0.36,1.0,0.034,17.0,93.0,0.9906,3.04,0.32,11.7,8
6.4,0.23,0.33,1.15,0.044000000000000004,15.5,217.5,0.992,3.33,0.44,11.0,6
8.0,0.28,0.42,7.1,0.045,41.0,169.0,0.9959,3.17,0.43,10.6,5
7.2,0.23,0.39,2.3,0.033,29.0,102.0,0.9908,3.26,0.54,12.3,7
7.2,0.23,0.39,2.3,0.033,29.0,102.0,0.9908,3.26,0.54,12.3,7
7.9,0.41,0.37,4.5,0.03,40.0,114.0,0.992,3.17,0.54,12.4,7
7.9,0.44,0.37,5.85,0.033,27.0,93.0,0.992,3.16,0.54,12.6,7
6.8,0.32,0.37,3.4,0.023,19.0,87.0,0.9902,3.14,0.53,12.7,6
10.3,0.25,0.48,2.2,0.042,28.0,164.0,0.998,3.19,0.59,9.7,5
8.0,0.2,0.4,5.2,0.055,41.0,167.0,0.9953,3.18,0.4,10.6,7
8.4,0.57,0.44,10.7,0.051,46.0,195.0,0.9981,3.15,0.51,10.4,5
6.4,0.23,0.3,7.1,0.037000000000000005,63.0,236.0,0.9952,3.06,0.34,9.2,6
7.3,0.18,0.65,1.4,0.046,28.0,157.0,0.9946,3.33,0.62,9.4,6
7.2,0.14,0.35,1.2,0.036000000000000004,15.0,73.0,0.9938,3.46,0.39,9.9,5
6.9,0.31,0.34,7.4,0.059000000000000004,36.0,174.0,0.9963,3.46,0.62,11.1,7
7.5,0.28,0.34,4.2,0.027999999999999997,36.0,116.0,0.991,2.99,0.41,12.3,8
8.1,0.5,0.47,1.1,0.037000000000000005,23.0,126.0,0.9938,3.21,0.42,10.9,5
6.2,0.22,0.27,1.5,0.064,20.0,132.0,0.9938,3.22,0.46,9.2,6
6.6,0.27,0.3,1.9,0.025,14.0,153.0,0.9928,3.29,0.62,10.5,6
7.8,0.16,0.41,1.7,0.026000000000000002,29.0,140.0,0.991,3.02,0.78,12.5,6
8.3,0.21,0.4,1.6,0.032,35.0,110.0,0.9907,3.02,0.6,12.9,7
6.9,0.39,0.22,4.3,0.03,10.0,102.0,0.993,3.0,0.87,11.6,4
7.5,0.38,0.33,5.0,0.045,30.0,131.0,0.9942,3.32,0.44,10.9,6
6.9,0.2,0.4,7.7,0.032,51.0,176.0,0.9939,3.22,0.27,11.4,5
8.2,0.2,0.36,8.1,0.035,60.0,163.0,0.9952,3.05,0.3,10.3,6
8.0,0.59,0.71,17.35,0.038,61.0,228.0,1.0,2.95,0.75,9.3,5
7.9,0.14,0.45,1.8,0.05,17.0,114.0,0.9948,3.33,0.49,10.7,7
9.7,0.14,0.59,1.5,0.049,23.0,142.0,0.9958,2.98,0.62,9.5,5
6.3,0.23,0.22,3.75,0.039,37.0,116.0,0.9927,3.23,0.5,10.7,6
7.9,0.255,0.26,2.0,0.026000000000000002,40.0,190.0,0.9932,3.04,0.39,11.2,6
7.0,0.15,0.34,1.4,0.039,21.0,177.0,0.9927,3.32,0.62,10.8,5
6.2,0.2,0.26,1.7,0.09300000000000001,40.0,161.0,0.9924,3.44,0.66,11.0,5
6.5,0.22,0.72,6.8,0.042,33.0,168.0,0.9958,3.12,0.36,9.2,6
6.8,0.26,0.33,1.5,0.047,44.0,167.0,0.9928,3.12,0.44,10.5,6
5.2,0.37,0.33,1.2,0.027999999999999997,13.0,81.0,0.9902,3.37,0.38,11.7,6
7.8,0.29,0.36,7.0,0.042,38.0,161.0,0.9941,3.26,0.37,11.2,8
7.6,0.54,0.23,2.0,0.028999999999999998,13.0,151.0,0.9931,3.04,0.33,10.4,5
6.6,0.25,0.31,12.4,0.059000000000000004,52.0,181.0,0.9984,3.51,0.47,9.8,6
7.0,0.46,0.39,6.2,0.039,46.0,163.0,0.9928,3.21,0.35,12.2,7
6.5,0.37,0.33,3.9,0.027000000000000003,40.0,130.0,0.9906,3.28,0.39,12.7,7
7.8,0.13,0.3,1.8,0.04,43.0,179.0,0.9955,3.43,0.41,9.0,5
7.3,0.22,0.41,15.4,0.05,55.0,191.0,1.0,3.32,0.59,8.9,6
6.3,0.29,0.4,6.5,0.039,43.0,167.0,0.9953,3.15,0.44,9.3,6
6.2,0.12,0.26,5.7,0.044000000000000004,56.0,158.0,0.9951,3.52,0.37,10.5,6
6.7,0.13,0.28,1.2,0.046,35.0,140.0,0.9927,3.33,0.33,10.1,7
7.3,0.22,0.41,15.4,0.05,55.0,191.0,1.0,3.32,0.59,8.9,6
7.6,0.28,0.39,1.9,0.052000000000000005,23.0,116.0,0.9941,3.25,0.4,10.4,6
6.9,0.27,0.41,1.7,0.047,6.0,134.0,0.9929,3.15,0.69,11.4,6
6.6,0.56,0.16,3.1,0.045,28.0,92.0,0.9940000000000001,3.12,0.35,9.1,6
7.0,0.2,0.34,5.7,0.035,32.0,83.0,0.9928,3.19,0.46,11.5,6
7.3,0.25,0.36,13.1,0.05,35.0,200.0,0.9986,3.04,0.46,8.9,7
6.3,0.39,0.24,6.9,0.069,9.0,117.0,0.9942,3.15,0.35,10.2,4
8.2,0.22,0.36,6.8,0.034,12.0,90.0,0.9944,3.01,0.38,10.5,8
7.1,0.19,0.28,3.6,0.033,16.0,78.0,0.993,2.91,0.78,11.4,6
7.9,0.2,0.34,1.2,0.04,29.0,118.0,0.9932,3.14,0.41,10.6,6
7.1,0.26,0.32,5.9,0.037000000000000005,39.0,97.0,0.9934,3.31,0.4,11.6,6
8.1,0.29,0.49,7.1,0.042,22.0,124.0,0.9944,3.14,0.41,10.8,6
6.1,0.22,0.49,1.5,0.051,18.0,87.0,0.9928,3.3,0.46,9.6,5
6.1,0.25,0.49,7.6,0.052000000000000005,67.0,226.0,0.9956,3.16,0.47,8.9,5
7.2,0.26,0.74,13.6,0.05,56.0,162.0,0.998,3.03,0.44,8.8,5
8.0,0.25,0.49,1.2,0.061,27.0,117.0,0.9938,3.08,0.34,9.4,5
7.8,0.43,0.49,13.0,0.033,37.0,158.0,0.9955,3.14,0.35,11.3,6
8.3,0.2,0.74,4.45,0.044000000000000004,33.0,130.0,0.9924,3.25,0.42,12.2,6
6.3,0.27,0.49,1.2,0.063,35.0,92.0,0.9911,3.38,0.42,12.2,6
7.4,0.16,0.49,1.2,0.055,18.0,150.0,0.9917,3.23,0.47,11.2,6
6.9,0.19,0.49,6.6,0.036000000000000004,49.0,172.0,0.9932,3.2,0.27,11.5,6
7.6,0.52,0.49,14.0,0.034,37.0,156.0,0.9958,3.14,0.38,11.8,7
6.3,0.27,0.49,1.2,0.063,35.0,92.0,0.9911,3.38,0.42,12.2,6
7.2,0.08,0.49,1.3,0.05,18.0,148.0,0.9945,3.46,0.44,10.2,6
7.9,0.22,0.24,4.6,0.044000000000000004,39.0,159.0,0.9927,2.99,0.28,11.5,6
7.7,0.16,0.49,2.0,0.055999999999999994,20.0,124.0,0.9948,3.32,0.49,10.7,6
7.2,0.08,0.49,1.3,0.05,18.0,148.0,0.9945,3.46,0.44,10.2,6
7.4,0.28,0.49,1.5,0.034,20.0,126.0,0.9918,2.98,0.39,10.6,6
8.0,0.3,0.49,9.4,0.046,47.0,188.0,0.9964,3.14,0.48,10.0,5
7.7,0.35,0.49,8.65,0.033,42.0,186.0,0.9931,3.14,0.38,12.4,8
7.6,0.29,0.49,9.6,0.03,45.0,197.0,0.9938,3.13,0.38,12.3,7
6.7,0.51,0.24,2.1,0.043,14.0,155.0,0.9904,3.22,0.6,13.0,6
8.3,0.2,0.49,1.7,0.04,34.0,169.0,0.9938,3.05,0.37,10.1,5
8.2,0.24,0.49,9.3,0.038,52.0,163.0,0.9952,3.02,0.33,10.6,6
8.4,0.23,0.49,7.8,0.035,22.0,95.0,0.9935,3.04,0.34,12.0,6
8.3,0.2,0.49,1.7,0.04,34.0,169.0,0.9938,3.05,0.37,10.1,5
8.0,0.25,0.49,9.0,0.044000000000000004,31.0,185.0,0.998,3.34,0.49,10.0,6
7.2,0.27,0.74,12.5,0.037000000000000005,47.0,156.0,0.9981,3.04,0.44,8.7,5
7.9,0.28,0.49,7.7,0.045,48.0,195.0,0.9954,3.04,0.55,11.0,6
7.2,0.27,0.74,12.5,0.037000000000000005,47.0,156.0,0.9981,3.04,0.44,8.7,5
7.1,0.18,0.74,15.6,0.044000000000000004,44.0,176.0,0.9996,3.38,0.67,9.0,6
8.5,0.15,0.49,1.5,0.031,17.0,122.0,0.9932,3.03,0.4,10.3,6
6.0,0.17,0.49,1.0,0.034,26.0,106.0,0.992,3.21,0.42,9.8,6
7.3,0.26,0.49,5.0,0.027999999999999997,32.0,107.0,0.9936,3.24,0.54,10.8,6
7.2,0.16,0.49,1.3,0.037000000000000005,27.0,104.0,0.9924,3.23,0.57,10.6,6
7.1,0.36,0.24,1.8,0.025,32.0,102.0,0.9903,3.34,0.59,12.8,6
8.8,0.35,0.49,1.0,0.036000000000000004,14.0,56.0,0.992,2.96,0.33,10.5,4
7.8,0.3,0.74,1.8,0.033,33.0,156.0,0.991,3.29,0.52,12.8,6
9.1,0.28,0.49,2.0,0.059000000000000004,10.0,112.0,0.9958,3.15,0.46,10.1,5
7.1,0.34,0.49,1.5,0.027000000000000003,26.0,126.0,0.99,3.3,0.33,12.2,7
7.8,0.3,0.74,1.8,0.033,33.0,156.0,0.991,3.29,0.52,12.8,6
7.4,0.3,0.49,8.2,0.055,49.0,188.0,0.9974,3.52,0.58,9.7,6
6.7,0.3,0.74,5.0,0.038,35.0,157.0,0.9945,3.21,0.46,9.9,5
7.4,0.3,0.49,8.2,0.055,49.0,188.0,0.9974,3.52,0.58,9.7,6
9.0,0.3,0.49,7.2,0.039,32.0,84.0,0.9938,2.94,0.32,11.5,6
6.4,0.25,0.74,7.8,0.045,52.0,209.0,0.9956,3.21,0.42,9.2,6
7.0,0.27,0.74,1.5,0.036000000000000004,27.0,122.0,0.9926,3.35,0.48,11.2,6
7.0,0.29,0.49,3.8,0.047,37.0,136.0,0.9938,2.95,0.4,9.4,6
5.6,0.41,0.24,1.9,0.034,10.0,53.0,0.98815,3.32,0.5,13.5,7
6.9,0.27,0.49,23.5,0.057,59.0,235.0,1.0024,2.98,0.47,8.6,5
8.1,0.2,0.49,11.8,0.048,46.0,212.0,0.9968,3.09,0.46,10.0,7
7.5,0.32,0.49,1.7,0.031,44.0,109.0,0.9906,3.07,0.46,12.5,6
8.0,0.14,0.49,1.5,0.035,42.0,120.0,0.9928,3.26,0.4,10.6,7
6.2,0.22,0.49,6.0,0.028999999999999998,31.0,128.0,0.9928,3.41,0.36,11.3,8
7.0,0.14,0.49,5.9,0.053,22.0,118.0,0.9954,3.36,0.36,9.4,6
8.9,0.32,0.49,1.6,0.05,17.0,131.0,0.9956,3.13,0.34,9.4,5
6.9,0.25,0.24,1.8,0.053,6.0,121.0,0.993,3.23,0.7,11.4,5
7.5,0.14,0.74,1.6,0.035,21.0,126.0,0.9933,3.26,0.45,10.2,6
7.6,0.47,0.49,13.0,0.239,42.0,220.0,0.9988,2.96,0.51,9.2,5
7.3,0.19,0.49,15.55,0.057999999999999996,50.0,134.0,0.9998,3.42,0.36,9.1,7
6.9,0.26,0.49,1.6,0.057999999999999996,39.0,166.0,0.9965,3.65,0.52,9.4,4
5.8,0.15,0.49,1.1,0.048,21.0,98.0,0.9929,3.19,0.48,9.2,5
6.6,0.27,0.49,7.8,0.049,62.0,217.0,0.9959,3.17,0.45,9.4,6
7.8,0.445,0.56,1.0,0.04,8.0,84.0,0.9938,3.25,0.43,10.8,5
6.2,0.27,0.32,8.8,0.047,65.0,224.0,0.9961,3.17,0.47,8.9,5
6.2,0.3,0.2,6.6,0.045,42.0,170.0,0.9944,3.36,0.45,10.4,6
7.4,0.26,0.37,9.4,0.047,42.0,147.0,0.9982,3.46,0.72,10.0,5
7.2,0.21,0.33,3.0,0.036000000000000004,35.0,132.0,0.9928,3.25,0.4,11.0,6
7.0,0.24,0.3,4.2,0.04,41.0,213.0,0.9927,3.28,0.49,11.8,6
6.5,0.27,0.19,4.2,0.046,6.0,114.0,0.9955,3.25,0.35,8.6,4
6.8,0.22,0.3,13.6,0.055,50.0,180.0,0.9984,3.44,0.39,9.8,5
7.0,0.2,0.3,6.1,0.037000000000000005,31.0,120.0,0.9939,3.24,0.51,10.8,5
7.9,0.18,0.37,3.0,0.061,25.0,178.0,0.995,3.22,0.51,10.0,6
7.0,0.21,0.31,6.0,0.046,29.0,108.0,0.9939,3.26,0.5,10.8,6
6.8,0.27,0.32,1.5,0.044000000000000004,19.0,142.0,0.9921,3.1,0.43,9.9,6
7.5,0.4,1.0,19.5,0.040999999999999995,33.0,148.0,0.9977,3.24,0.38,12.0,6
7.0,0.13,0.3,5.0,0.055999999999999994,31.0,122.0,0.9945,3.47,0.42,10.5,6
6.8,0.3,0.24,6.6,0.12300000000000001,35.0,116.0,0.9953,3.07,0.48,9.4,5
8.7,0.34,0.46,13.8,0.055,68.0,198.0,0.9988,3.36,0.37,9.5,6
7.5,0.15,0.38,1.8,0.054000000000000006,19.0,101.0,0.9946,3.24,0.44,10.0,5
8.4,0.29,0.29,1.05,0.032,4.0,55.0,0.9908,2.91,0.32,11.4,4
6.3,0.25,0.23,14.9,0.039,47.0,142.0,0.99705,3.14,0.35,9.7,6
8.3,0.3,0.36,10.0,0.042,33.0,169.0,0.9982,3.23,0.51,9.3,6
8.3,0.3,0.36,10.0,0.042,33.0,169.0,0.9982,3.23,0.51,9.3,6
6.4,0.16,0.28,2.2,0.042,33.0,93.0,0.9914,3.31,0.43,11.1,6
6.7,0.27,0.25,8.0,0.053,54.0,202.0,0.9961,3.22,0.43,9.3,5
6.5,0.18,0.26,1.4,0.040999999999999995,40.0,141.0,0.9941,3.34,0.72,9.5,6
8.5,0.21,0.26,9.25,0.034,73.0,142.0,0.9945,3.05,0.37,11.4,6
7.2,0.26,0.3,2.1,0.033,50.0,158.0,0.9909,3.33,0.43,12.1,7
7.1,0.37,0.32,1.4,0.037000000000000005,27.0,126.0,0.9918,3.19,0.62,12.0,5
6.8,0.23,0.29,15.4,0.073,56.0,173.0,0.9984,3.06,0.41,8.7,6
7.6,0.38,0.2,3.4,0.046,9.0,116.0,0.9944,3.15,0.41,9.4,5
8.2,0.42,0.29,4.1,0.03,31.0,100.0,0.9911,3.0,0.32,12.8,7
6.5,0.32,0.12,11.5,0.033,35.0,165.0,0.9974,3.22,0.32,9.0,5
7.3,0.17,0.23,6.3,0.051,35.0,240.0,0.9963,3.36,0.54,10.0,6
7.7,0.44,0.24,11.2,0.031,41.0,167.0,0.9948,3.12,0.43,11.3,7
7.4,0.49,0.24,15.1,0.03,34.0,153.0,0.9953,3.13,0.51,12.0,7
6.4,0.21,0.3,5.6,0.044000000000000004,43.0,160.0,0.9949,3.6,0.41,10.6,6
8.2,0.18,0.31,11.8,0.039,96.0,249.0,0.9976,3.07,0.52,9.5,6
6.1,0.34,0.46,4.7,0.028999999999999998,21.0,94.0,0.991,3.29,0.62,12.3,6
8.7,0.49,0.57,17.8,0.052000000000000005,34.0,243.0,1.0007,2.98,0.82,9.0,5
6.4,0.18,0.31,1.6,0.049,36.0,127.0,0.9934,3.6,0.67,10.4,7
10.0,0.91,0.42,1.6,0.055999999999999994,34.0,181.0,0.9968,3.11,0.46,10.0,4
8.9,0.33,0.34,1.4,0.055999999999999994,14.0,171.0,0.9946,3.13,0.47,9.7,5
8.0,0.22,0.28,14.0,0.053,83.0,197.0,0.9981,3.14,0.45,9.8,6
6.6,0.28,0.3,7.8,0.049,57.0,202.0,0.9958,3.24,0.39,9.5,5
7.6,0.36,0.44,8.3,0.255,28.0,142.0,0.9958,3.12,0.43,10.2,6
7.6,0.27,0.25,13.9,0.05,45.0,199.0,0.9984,3.34,0.5,9.8,6
7.0,0.21,0.22,5.1,0.048,38.0,168.0,0.9945,3.34,0.49,10.4,6
5.8,0.33,0.2,16.05,0.047,26.0,166.0,0.9976,3.09,0.46,8.9,5
7.2,0.2,0.61,16.2,0.043,14.0,103.0,0.9987,3.06,0.36,9.2,6
7.7,0.3,0.42,14.3,0.045,45.0,213.0,0.9991,3.18,0.63,9.2,5
7.0,0.53,0.02,1.0,0.036000000000000004,39.0,107.0,0.993,3.2,0.32,9.0,5
7.2,0.24,0.4,17.85,0.049,50.0,185.0,1.0,3.34,0.42,9.6,5
7.6,0.15,0.4,1.3,0.036000000000000004,24.0,112.0,0.9932,3.14,0.76,10.0,5
6.8,0.35,0.44,6.5,0.055999999999999994,31.0,161.0,0.9952,3.14,0.44,9.5,5
7.5,0.29,0.67,8.1,0.037000000000000005,53.0,166.0,0.9966,2.9,0.41,8.9,6
7.2,0.31,0.41,8.6,0.053,15.0,89.0,0.9976,3.29,0.64,9.9,6
6.6,0.35,0.29,14.4,0.044000000000000004,54.0,177.0,0.9991,3.17,0.58,8.9,6
8.1,0.26,0.33,11.1,0.052000000000000005,52.5,158.0,0.9976,3.03,0.49,10.2,7
7.6,0.26,0.36,1.6,0.032,6.0,106.0,0.993,3.15,0.4,10.4,4
6.3,0.2,0.58,1.4,0.204,15.0,97.0,0.9931,3.16,0.43,10.0,6
8.8,0.34,0.33,9.7,0.036000000000000004,46.0,172.0,0.9966,3.08,0.4,10.2,5
7.2,0.47,0.65,8.3,0.083,27.0,182.0,0.9964,3.0,0.35,9.2,5
9.2,0.27,0.34,10.5,0.043,49.0,228.0,0.9974,3.04,0.41,10.4,6
6.7,0.31,0.44,6.7,0.054000000000000006,29.0,160.0,0.9952,3.04,0.44,9.6,5
8.0,0.25,0.13,17.2,0.036000000000000004,49.0,219.0,0.9996,2.96,0.46,9.7,5
8.5,0.17,0.31,1.0,0.024,13.0,91.0,0.993,2.79,0.37,10.1,5
8.0,0.23,0.35,9.2,0.044000000000000004,53.0,186.0,0.997,3.09,0.56,9.5,7
6.3,0.41,0.3,3.2,0.03,49.0,164.0,0.9927,3.53,0.79,11.7,7
7.5,0.26,0.26,18.35,0.084,33.0,139.0,1.0011,3.17,0.39,8.8,5
7.9,0.33,0.26,1.2,0.044000000000000004,23.0,103.0,0.9932,3.19,0.54,10.5,6
7.6,0.2,0.3,14.2,0.055999999999999994,53.0,212.5,0.9990000000000001,3.14,0.46,8.9,8
7.6,0.2,0.3,14.2,0.055999999999999994,53.0,212.5,0.9990000000000001,3.14,0.46,8.9,8
7.0,0.28,0.33,14.6,0.043,47.0,168.0,0.9994,3.34,0.67,8.8,6
8.4,0.2,0.38,11.8,0.055,51.0,170.0,1.0004,3.34,0.82,8.9,6
7.3,0.18,0.31,17.3,0.055,32.0,197.0,1.0002,3.13,0.46,9.0,6
6.8,0.31,0.09,1.4,0.04,56.0,145.0,0.9922,3.19,0.46,10.0,5
7.0,0.28,0.33,14.6,0.043,47.0,168.0,0.9994,3.34,0.67,8.8,6
8.0,0.4,0.33,7.7,0.034,27.0,98.0,0.9935,3.18,0.41,12.2,7
6.8,0.18,0.46,1.4,0.064,37.0,160.0,0.9924,3.37,0.45,11.1,5
6.3,0.21,0.28,1.5,0.051,46.0,142.0,0.9928,3.23,0.42,10.1,6
6.3,0.21,0.28,1.5,0.051,46.0,142.0,0.9928,3.23,0.42,10.1,6
7.5,0.3,0.71,1.3,0.16,44.0,149.0,0.9948,3.08,0.42,8.9,5
6.9,0.32,0.15,8.1,0.046,51.0,180.0,0.9958,3.13,0.45,8.9,5
6.7,0.3,0.45,10.6,0.032,56.0,212.0,0.997,3.22,0.59,9.5,6
8.7,0.24,0.35,0.6,0.042,11.0,71.0,0.9926,3.08,0.38,10.6,5
6.7,0.31,0.31,4.9,0.031,20.0,151.0,0.9926,3.36,0.82,12.0,7
5.7,0.46,0.46,1.4,0.04,31.0,169.0,0.9932,3.13,0.47,8.8,5
6.9,0.17,0.25,1.6,0.047,34.0,132.0,0.9914,3.16,0.48,11.4,5
7.6,0.29,0.29,4.4,0.051,26.0,146.0,0.9939,3.16,0.39,10.2,5
6.5,0.19,0.26,5.2,0.04,31.0,140.0,0.995,3.26,0.68,9.5,6
6.6,0.27,0.29,5.3,0.045,57.0,189.0,0.9953,3.31,0.79,9.8,5
6.6,0.22,0.28,4.9,0.042,51.0,180.0,0.9952,3.3,0.75,9.5,6
7.0,0.22,0.39,2.1,0.055,39.0,198.0,0.9951,3.52,0.54,10.2,6
7.2,0.25,0.19,8.0,0.044000000000000004,51.0,172.0,0.9964,3.16,0.44,9.2,5
7.2,0.24,0.19,7.7,0.045,53.0,176.0,0.9958,3.17,0.38,9.5,5
6.8,0.32,0.34,6.0,0.05,5.0,129.0,0.9953,3.19,0.4,9.1,5
6.0,0.27,0.15,1.5,0.055999999999999994,35.0,128.0,0.9936,3.12,0.45,8.8,5
7.7,0.23,0.31,10.7,0.038,59.0,186.0,0.9969,3.12,0.55,9.5,6
6.4,0.2,0.32,3.1,0.040999999999999995,18.0,126.0,0.9914,3.43,0.42,12.0,6
6.5,0.43,0.28,12.0,0.055999999999999994,23.0,174.0,0.9986,3.31,0.55,9.3,5
5.9,0.5,0.05,2.6,0.054000000000000006,36.0,146.0,0.9948,3.43,0.5,9.2,6
7.1,0.22,0.32,16.9,0.055999999999999994,49.0,158.0,0.9998,3.37,0.38,9.6,6
8.3,0.24,0.27,2.1,0.03,22.0,162.0,0.9914,2.99,0.68,11.9,6
7.2,0.16,0.26,7.1,0.054000000000000006,41.0,224.0,0.9966,3.38,0.55,10.1,5
7.1,0.33,0.64,13.2,0.055999999999999994,12.0,105.0,0.9972,3.05,0.39,9.2,5
7.7,0.28,0.35,15.3,0.055999999999999994,31.0,117.0,0.9998,3.27,0.5,9.6,5
7.5,0.26,0.52,13.2,0.047,64.0,179.0,0.9982,3.1,0.46,9.0,5
6.8,0.24,0.34,5.1,0.038,31.0,99.0,0.9921,3.24,0.46,11.8,6
7.7,0.28,0.35,15.3,0.055999999999999994,31.0,117.0,0.9998,3.27,0.5,9.6,5
7.8,0.29,0.33,8.75,0.035,33.0,181.0,0.9962,3.11,0.46,10.7,5
6.3,0.24,0.37,1.8,0.031,6.0,61.0,0.9897,3.3,0.34,12.2,4
8.4,0.22,0.28,18.8,0.027999999999999997,55.0,130.0,0.998,2.96,0.35,11.6,5
7.4,0.19,0.3,12.8,0.053,48.5,229.0,0.9986,3.14,0.49,9.1,7
7.4,0.29,0.25,3.8,0.044000000000000004,30.0,114.0,0.992,3.11,0.4,11.0,6
6.4,0.33,0.24,9.8,0.040999999999999995,29.0,109.0,0.9956,3.29,0.47,10.1,6
7.5,0.18,0.31,11.7,0.051,24.0,94.0,0.997,3.19,0.44,9.5,7
6.4,0.18,0.32,9.6,0.052000000000000005,24.0,90.0,0.9963,3.35,0.49,9.4,6
7.1,0.18,0.32,12.2,0.048,36.0,125.0,0.9967,2.92,0.54,9.4,6
7.0,0.22,0.26,1.1,0.037000000000000005,20.0,71.0,0.9902,3.1,0.38,11.7,6
7.3,0.18,0.29,1.0,0.036000000000000004,26.0,101.0,0.99,3.09,0.37,11.7,6
7.6,0.27,0.33,2.0,0.059000000000000004,19.0,175.0,0.9944,3.22,0.56,9.9,5
7.0,0.32,0.35,1.5,0.039,24.0,125.0,0.9918,3.17,0.64,12.2,6
7.1,0.26,0.3,2.0,0.031,13.0,128.0,0.9917,3.19,0.49,11.4,5
8.5,0.28,0.34,13.8,0.040999999999999995,32.0,161.0,0.9981,3.13,0.4,9.9,6
7.0,0.22,0.32,1.6,0.045,40.0,120.0,0.9914,2.98,0.44,10.5,6
7.7,0.28,0.58,12.1,0.046,60.0,177.0,0.9983,3.08,0.46,8.9,5
7.7,0.27,0.61,12.0,0.046,64.0,179.0,0.9982,3.07,0.46,8.9,5
7.2,0.23,0.38,6.1,0.067,20.0,90.0,0.9949600000000001,3.17,0.79,9.7,5
7.1,0.28,0.19,7.8,0.04,48.0,184.0,0.99579,3.16,0.5,9.4,5
6.4,0.34,0.2,14.9,0.06,37.0,162.0,0.9983,3.13,0.45,9.0,4
7.5,0.31,0.24,7.1,0.031,28.0,141.0,0.99397,3.16,0.38,10.6,7
7.1,0.14,0.35,1.4,0.039,24.0,128.0,0.9921200000000001,2.97,0.68,10.4,5
7.2,0.39,0.54,1.4,0.157,34.0,132.0,0.99449,3.11,0.53,9.0,6
6.5,0.36,0.31,4.1,0.061,20.0,134.0,0.99475,3.18,0.45,9.0,6
8.5,0.25,0.31,2.8,0.032,11.0,61.0,0.9918899999999999,3.06,0.44,11.5,6
6.3,0.2,0.3,5.9,0.034,35.0,152.0,0.9964200000000001,3.47,0.4,8.5,6
6.7,0.25,0.26,13.5,0.06,50.0,156.0,0.99784,3.39,0.46,9.9,6
6.2,0.25,0.28,8.5,0.035,28.0,108.0,0.9948600000000001,3.4,0.42,10.4,6
7.1,0.4,0.52,1.3,0.14800000000000002,45.0,149.0,0.9946799999999999,3.08,0.56,8.7,5
7.4,0.33,0.26,15.6,0.049,67.0,210.0,0.9990700000000001,3.06,0.68,9.5,5
7.4,0.33,0.26,15.6,0.049,67.0,210.0,0.9990700000000001,3.06,0.68,9.5,5
7.4,0.33,0.26,15.6,0.049,67.0,210.0,0.9990700000000001,3.06,0.68,9.5,5
6.7,0.43,0.23,5.0,0.157,49.0,145.0,0.99471,3.17,0.49,9.4,5
7.4,0.33,0.26,15.6,0.049,67.0,210.0,0.9990700000000001,3.06,0.68,9.5,5
7.5,0.42,0.19,6.9,0.040999999999999995,62.0,150.0,0.99508,3.23,0.37,10.0,6
6.9,0.28,0.31,7.2,0.04,47.0,168.0,0.9946,3.29,0.57,10.6,7
6.5,0.29,0.42,10.6,0.042,66.0,202.0,0.99674,3.24,0.53,9.5,6
6.0,0.26,0.18,7.0,0.055,50.0,194.0,0.9959100000000001,3.21,0.43,9.0,5
9.4,0.28,0.3,1.6,0.045,36.0,139.0,0.99534,3.11,0.49,9.3,5
7.7,0.42,0.38,8.1,0.061,49.0,144.0,0.9966,3.4,0.58,11.0,6
7.5,0.26,0.59,11.8,0.046,58.0,164.0,0.9981399999999999,3.17,0.46,8.9,4
6.6,0.4,0.32,1.7,0.035,39.0,84.0,0.9909600000000001,3.59,0.48,12.7,7
8.0,0.2,0.3,8.1,0.037000000000000005,42.0,130.0,0.99379,3.1,0.67,11.8,6
6.1,0.41,0.04,1.3,0.036000000000000004,23.0,121.0,0.9922799999999999,3.24,0.61,9.9,6
7.6,0.2,0.34,1.8,0.040999999999999995,42.0,148.0,0.99335,3.35,0.66,11.1,6
6.9,0.3,0.21,7.2,0.045,54.0,190.0,0.99595,3.22,0.48,9.4,5
7.6,0.3,0.4,2.2,0.054000000000000006,29.0,175.0,0.99445,3.19,0.53,9.8,5
7.5,0.38,0.29,12.7,0.05,25.0,209.0,0.9986,3.25,0.59,9.3,6
6.3,0.4,0.32,10.6,0.049,38.0,209.0,0.9981,3.47,0.59,9.3,6
7.5,0.23,0.29,2.6,0.031,24.0,98.0,0.9919399999999999,3.0,0.54,10.9,6
7.9,0.25,0.34,11.4,0.04,53.0,202.0,0.99708,3.11,0.57,9.6,6
7.6,0.48,0.33,7.0,0.024,14.0,130.0,0.9918,3.25,0.45,12.5,7
8.9,0.21,0.37,1.2,0.027999999999999997,20.0,93.0,0.99244,3.2,0.37,11.5,5
6.0,0.495,0.27,5.0,0.157,17.0,129.0,0.9939600000000001,3.03,0.36,9.3,5
6.5,0.18,0.29,1.7,0.035,39.0,144.0,0.9927,3.49,0.5,10.5,6
6.3,0.1,0.24,6.0,0.039,25.0,107.0,0.99511,3.59,0.49,10.5,7
7.0,0.22,0.29,8.9,0.05,24.0,90.0,0.99556,3.29,0.46,9.8,6
6.9,0.15,0.28,4.4,0.028999999999999998,14.0,107.0,0.9934700000000001,3.24,0.46,10.4,8
6.9,0.3,0.29,1.3,0.053,24.0,189.0,0.9936200000000001,3.29,0.54,9.9,4
9.2,0.16,0.49,2.0,0.044000000000000004,18.0,107.0,0.9951399999999999,3.1,0.53,10.2,4
8.0,0.26,0.28,8.2,0.038,72.0,202.0,0.99566,3.12,0.56,10.0,6
6.3,0.38,0.17,8.8,0.08,50.0,212.0,0.99803,3.47,0.66,9.4,4
8.2,0.24,0.3,2.3,0.05,23.0,106.0,0.99397,2.98,0.5,10.0,5
7.3,0.815,0.09,11.4,0.044000000000000004,45.0,204.0,0.99713,3.15,0.46,9.0,5
7.2,0.24,0.29,3.0,0.036000000000000004,17.0,117.0,0.99411,3.36,0.68,10.1,6
8.1,0.34,0.28,7.5,0.04,70.0,230.0,0.9955799999999999,3.14,0.55,9.8,6
6.3,0.29,0.14,7.05,0.045,50.0,177.0,0.99564,3.23,0.42,9.0,5
6.9,0.43,0.28,9.4,0.055999999999999994,29.0,183.0,0.9959399999999999,3.17,0.43,9.4,5
6.9,0.43,0.28,9.4,0.055999999999999994,29.0,183.0,0.9959399999999999,3.17,0.43,9.4,5
6.7,0.27,0.26,2.3,0.043,61.0,181.0,0.9939399999999999,3.45,0.63,10.6,6
6.6,0.56,0.15,10.0,0.037000000000000005,38.0,157.0,0.9964200000000001,3.28,0.52,9.4,5
7.3,0.19,0.27,1.6,0.027000000000000003,35.0,136.0,0.9924799999999999,3.38,0.54,11.0,7
6.6,0.33,0.24,16.05,0.045,31.0,147.0,0.9982200000000001,3.08,0.52,9.2,5
7.4,0.56,0.09,1.5,0.071,19.0,117.0,0.9949600000000001,3.22,0.53,9.8,5
6.8,0.32,0.3,1.0,0.049,22.0,113.0,0.9928899999999999,3.24,0.61,10.2,5
6.4,0.37,0.37,4.85,0.040999999999999995,39.5,216.5,0.9943200000000001,3.1,0.5,9.8,6
6.3,0.27,0.37,7.9,0.047,58.0,215.0,0.9954200000000001,3.19,0.48,9.5,6
8.0,0.28,0.32,7.6,0.045,61.0,204.0,0.9954299999999999,3.1,0.55,10.1,6
6.7,0.24,0.32,10.3,0.079,37.0,122.0,0.9966200000000001,3.02,0.45,8.8,5
7.6,0.31,0.23,12.7,0.054000000000000006,20.0,139.0,0.99836,3.16,0.5,9.7,4
8.6,0.23,0.25,11.3,0.031,13.0,96.0,0.99645,3.11,0.4,10.8,5
6.6,0.26,0.25,11.6,0.045,45.0,178.0,0.9969100000000001,3.33,0.43,9.8,6
6.2,0.28,0.45,7.5,0.045,46.0,203.0,0.9957299999999999,3.26,0.46,9.2,6
6.2,0.3,0.49,11.2,0.057999999999999996,68.0,215.0,0.99656,3.19,0.6,9.4,6
7.3,0.17,0.24,8.1,0.121,32.0,162.0,0.99508,3.17,0.38,10.4,8
6.5,0.18,0.33,1.4,0.028999999999999998,35.0,138.0,0.9911399999999999,3.36,0.6,11.5,7
7.3,0.16,0.35,1.5,0.036000000000000004,29.0,108.0,0.9934200000000001,3.27,0.51,10.2,6
6.7,0.54,0.27,7.1,0.049,8.0,178.0,0.9950200000000001,3.16,0.38,9.4,4
6.2,0.27,0.18,1.5,0.027999999999999997,20.0,111.0,0.9922799999999999,3.41,0.5,10.0,5
9.0,0.26,0.34,6.7,0.028999999999999998,21.0,162.0,0.99497,3.08,0.5,10.6,6
8.9,0.27,0.34,10.7,0.028999999999999998,19.5,166.0,0.99669,3.13,0.48,10.6,5
6.9,0.32,0.3,1.8,0.036000000000000004,28.0,117.0,0.99269,3.24,0.48,11.0,6
7.2,0.22,0.24,1.4,0.040999999999999995,17.0,159.0,0.9919600000000001,3.25,0.53,11.2,6
6.3,0.26,0.42,7.1,0.045,62.0,209.0,0.99544,3.2,0.53,9.5,6
6.3,0.13,0.42,1.1,0.043,63.0,146.0,0.99066,3.13,0.72,11.2,7
6.4,0.15,0.44,1.2,0.043,67.0,150.0,0.9907,3.14,0.73,11.2,7
6.3,0.21,0.29,11.7,0.048,49.0,147.0,0.99482,3.22,0.38,10.8,5
6.9,0.32,0.27,16.0,0.034,58.0,185.0,0.9993799999999999,3.34,0.6,9.0,6
6.7,0.3,0.29,2.8,0.025,37.0,107.0,0.99159,3.31,0.63,11.3,7
8.9,0.26,0.33,8.1,0.024,47.0,202.0,0.9955799999999999,3.13,0.46,10.8,6
7.1,0.2,0.3,0.9,0.019,4.0,28.0,0.98931,3.2,0.36,12.0,6
6.15,0.21,0.37,3.2,0.021,20.0,80.0,0.9907600000000001,3.39,0.47,12.0,5
7.2,0.24,0.27,11.4,0.034,40.0,174.0,0.9977299999999999,3.2,0.44,9.0,5
7.4,0.2,0.37,1.2,0.027999999999999997,28.0,89.0,0.9913200000000001,3.14,0.61,11.8,6
7.15,0.17,0.24,9.6,0.11900000000000001,56.0,178.0,0.9957799999999999,3.15,0.44,10.2,6
6.5,0.15,0.44,12.6,0.052000000000000005,65.0,158.0,0.9968799999999999,3.26,0.7,10.3,7
7.2,0.3,0.26,1.5,0.040999999999999995,46.0,178.0,0.99154,3.19,0.56,11.3,6
8.3,0.4,0.41,8.2,0.05,15.0,122.0,0.9979,3.39,0.49,9.3,5
5.9,0.34,0.31,2.0,0.03,38.0,142.0,0.98892,3.4,0.41,12.9,7
6.6,0.12,0.25,1.4,0.039,21.0,131.0,0.9911399999999999,3.2,0.45,11.2,7
9.6,0.655,0.21,2.0,0.039,21.0,120.0,0.9918799999999999,3.0,1.0,12.6,6
7.2,0.35,0.25,5.6,0.032,23.0,120.0,0.99334,2.93,0.66,10.3,7
6.2,0.25,0.31,3.2,0.03,32.0,150.0,0.9901399999999999,3.18,0.31,12.0,6
7.6,0.32,0.25,9.5,0.03,15.0,136.0,0.99367,3.1,0.44,12.1,6
6.9,0.3,0.25,3.3,0.040999999999999995,26.0,124.0,0.9942799999999999,3.18,0.5,9.3,6
6.2,0.28,0.27,10.3,0.03,26.0,108.0,0.9938799999999999,3.2,0.36,10.7,6
6.7,0.23,0.25,1.6,0.036000000000000004,28.0,143.0,0.99256,3.3,0.54,10.3,6
6.5,0.23,0.36,16.3,0.038,43.0,133.0,0.99924,3.26,0.41,8.8,5
6.6,0.26,0.38,6.5,0.17,68.0,201.0,0.9956,3.19,0.38,9.4,6
6.5,0.23,0.36,16.3,0.038,43.0,133.0,0.99924,3.26,0.41,8.8,5
7.8,0.25,0.34,13.7,0.044000000000000004,66.0,184.0,0.99976,3.22,0.75,8.9,5
5.6,0.2,0.22,1.3,0.049,25.0,155.0,0.9929600000000001,3.74,0.43,10.0,5
6.8,0.23,0.42,7.4,0.044000000000000004,56.0,189.0,0.9958,3.22,0.48,9.3,6
6.8,0.16,0.29,10.4,0.046,59.0,143.0,0.99518,3.2,0.4,10.8,6
5.2,0.28,0.29,1.1,0.027999999999999997,18.0,69.0,0.9916799999999999,3.24,0.54,10.0,6
7.5,0.26,0.25,1.7,0.038,29.0,129.0,0.9931200000000001,3.45,0.56,10.4,6
7.5,0.18,0.31,6.5,0.028999999999999998,53.0,160.0,0.9927600000000001,3.03,0.38,10.9,6
6.9,0.23,0.32,16.4,0.045,62.0,153.0,0.9972,3.22,0.42,10.5,5
6.5,0.17,0.31,1.5,0.040999999999999995,34.0,121.0,0.99092,3.06,0.46,10.5,6
7.4,0.2,0.28,9.1,0.047,29.0,95.0,0.9953200000000001,3.16,0.47,9.8,7
6.3,0.2,0.19,12.3,0.048,54.0,145.0,0.9966799999999999,3.16,0.42,9.3,6
6.7,0.27,0.33,3.6,0.034,9.0,45.0,0.99144,3.08,0.4,10.5,6
7.7,0.3,0.34,1.2,0.048,4.0,119.0,0.9908399999999999,3.18,0.34,12.1,6
7.9,0.16,0.3,7.4,0.05,58.0,152.0,0.9961200000000001,3.12,0.37,9.5,6
6.9,0.16,0.37,1.8,0.034,36.0,95.0,0.9895200000000001,2.93,0.59,12.0,6
6.4,0.44,0.44,14.4,0.048,29.0,228.0,0.99955,3.26,0.54,8.8,7
7.1,0.2,0.31,7.4,0.053,32.0,211.0,0.99587,3.31,0.59,10.4,6
7.1,0.2,0.31,7.4,0.053,32.0,211.0,0.99587,3.31,0.59,10.4,6
6.8,0.26,0.44,8.2,0.046,52.0,183.0,0.99584,3.2,0.51,9.4,5
6.8,0.35,0.53,10.1,0.053,37.0,151.0,0.9963,3.07,0.4,9.4,5
6.4,0.22,0.32,7.2,0.027999999999999997,15.0,83.0,0.993,3.13,0.55,10.9,8
6.9,0.31,0.32,1.6,0.036000000000000004,34.0,114.0,0.9906799999999999,3.19,0.45,11.4,7
7.3,0.2,0.26,1.6,0.04,36.0,123.0,0.9923799999999999,3.34,0.44,10.8,6
5.8,0.32,0.31,2.7,0.049,25.0,153.0,0.99067,3.44,0.73,12.2,7
6.6,0.36,0.24,0.9,0.038,15.0,72.0,0.99066,3.23,0.39,11.0,5
7.2,0.17,0.41,1.6,0.052000000000000005,24.0,126.0,0.9922799999999999,3.19,0.49,10.8,5
6.0,0.11,0.47,10.6,0.052000000000000005,69.0,148.0,0.9958,2.91,0.34,9.3,4
6.0,0.21,0.34,2.0,0.042,63.0,123.0,0.9905200000000001,3.44,0.42,11.4,6
7.2,0.26,0.4,6.3,0.047,52.0,172.0,0.9957299999999999,3.18,0.53,9.5,6
6.6,0.22,0.34,11.6,0.05,59.0,140.0,0.99526,3.22,0.4,10.8,5
6.6,0.45,0.43,7.2,0.064,31.0,186.0,0.9954,3.12,0.44,9.4,5
7.2,0.44,0.28,3.4,0.048,22.0,112.0,0.9918799999999999,3.21,0.37,11.3,7
6.2,0.15,0.27,1.4,0.040999999999999995,51.0,117.0,0.9909,3.28,0.38,11.2,6
6.3,0.25,0.22,3.3,0.048,41.0,161.0,0.99256,3.16,0.5,10.5,6
6.5,0.22,0.45,8.0,0.053,52.0,196.0,0.9959,3.23,0.48,9.1,6
5.9,0.2,0.4,1.3,0.047,23.0,92.0,0.9923200000000001,3.2,0.45,10.0,6
6.9,0.15,0.29,2.3,0.033,14.0,82.0,0.9913200000000001,3.1,0.58,11.2,7
7.9,0.2,0.39,1.0,0.040999999999999995,37.0,154.0,0.99093,3.08,0.43,11.9,5
6.9,0.33,0.26,5.0,0.027000000000000003,46.0,143.0,0.9924,3.25,0.43,11.2,7
6.6,0.21,0.36,0.8,0.034,48.0,113.0,0.99165,3.24,0.68,10.5,6
7.3,0.21,0.33,1.0,0.037000000000000005,66.0,144.0,0.9923,3.11,0.52,10.2,6
6.4,0.21,0.28,5.9,0.047,29.0,101.0,0.9927799999999999,3.15,0.4,11.0,6
6.7,0.15,0.38,1.7,0.037000000000000005,20.0,84.0,0.99046,3.09,0.53,11.4,6
6.7,0.15,0.38,1.7,0.037000000000000005,20.0,84.0,0.99046,3.09,0.53,11.4,6
6.4,0.22,0.31,13.9,0.04,57.0,135.0,0.99672,3.21,0.38,10.7,5
7.9,0.25,0.35,6.7,0.039,22.0,64.0,0.9936200000000001,2.93,0.49,10.7,5
6.8,0.475,0.33,3.95,0.047,16.0,81.0,0.98988,3.23,0.53,13.4,7
8.5,0.22,0.34,0.7,0.04,5.0,25.0,0.9918,3.04,0.37,10.5,4
8.4,0.36,0.36,11.1,0.032,21.0,132.0,0.99313,2.95,0.39,13.0,6
6.9,0.2,0.3,4.7,0.040999999999999995,40.0,148.0,0.9932,3.16,0.35,10.2,6
6.2,0.16,0.34,1.7,0.038,85.0,153.0,0.9909,3.33,0.86,12.0,7
6.4,0.125,0.36,1.4,0.044000000000000004,22.0,68.0,0.9901399999999999,3.15,0.5,11.7,7
6.5,0.22,0.32,2.2,0.027999999999999997,36.0,92.0,0.9907600000000001,3.27,0.59,11.9,7
5.7,0.21,0.25,1.1,0.035,26.0,81.0,0.9902,3.31,0.52,11.4,6
6.4,0.25,0.32,0.9,0.034,40.0,114.0,0.9911399999999999,3.31,0.58,10.8,7
7.6,0.31,0.26,1.7,0.073,40.0,157.0,0.9938,3.1,0.46,9.8,5
6.6,0.26,0.46,6.9,0.047,59.0,183.0,0.9959399999999999,3.2,0.45,9.3,5
6.2,0.18,0.3,1.0,0.031,23.0,73.0,0.9903200000000001,3.23,0.52,11.3,6
6.1,0.37,0.2,7.6,0.031,49.0,170.0,0.9955799999999999,3.22,0.48,9.5,5
6.9,0.14,0.38,1.0,0.040999999999999995,22.0,81.0,0.9904299999999999,3.03,0.54,11.4,6
6.9,0.14,0.38,1.0,0.040999999999999995,22.0,81.0,0.9904299999999999,3.03,0.54,11.4,6
7.1,0.36,0.4,1.95,0.033,26.0,118.0,0.98934,3.2,0.45,13.5,7
5.7,0.28,0.28,2.2,0.019,15.0,65.0,0.9902,3.06,0.52,11.2,6
6.4,0.16,0.32,8.75,0.038,38.0,118.0,0.99449,3.19,0.41,10.7,5
6.7,0.39,0.31,2.7,0.054000000000000006,27.0,202.0,0.9948,3.46,0.57,10.5,6
6.5,0.44,0.47,5.45,0.013999999999999999,44.0,137.0,0.9898399999999999,3.13,0.32,13.0,8
7.7,0.25,0.3,7.8,0.038,67.0,196.0,0.99555,3.1,0.5,10.1,5
5.6,0.21,0.4,1.3,0.040999999999999995,81.0,147.0,0.9901,3.22,0.95,11.6,8
6.4,0.25,0.32,11.3,0.038,69.0,192.0,0.9957299999999999,3.14,0.5,10.2,6
5.3,0.21,0.29,0.7,0.027999999999999997,11.0,66.0,0.99215,3.3,0.4,9.8,5
7.1,0.29,0.34,7.8,0.036000000000000004,49.0,128.0,0.99397,3.21,0.4,10.7,6
5.1,0.29,0.28,8.3,0.026000000000000002,27.0,107.0,0.99308,3.36,0.37,11.0,6
6.0,0.28,0.25,1.8,0.042,8.0,108.0,0.9929,3.08,0.55,9.0,5
6.4,0.12,0.3,1.1,0.031,37.0,94.0,0.9898600000000001,3.01,0.56,11.7,6
7.3,0.26,0.24,1.7,0.05,10.0,112.0,0.9928600000000001,3.11,0.43,9.9,5
7.5,0.19,0.4,7.1,0.055999999999999994,50.0,110.0,0.9954,3.06,0.52,9.9,6
6.8,0.32,0.39,9.6,0.026000000000000002,34.0,124.0,0.9928600000000001,3.18,0.35,12.1,6
8.5,0.23,0.28,11.1,0.033,30.0,97.0,0.9950700000000001,3.03,0.39,10.5,7
7.2,0.19,0.31,6.3,0.034,17.0,103.0,0.99305,3.15,0.52,11.4,7
5.0,0.27,0.32,4.5,0.032,58.0,178.0,0.98956,3.45,0.31,12.6,7
6.8,0.18,0.28,9.8,0.039,29.0,113.0,0.99406,3.11,0.45,10.9,7
6.8,0.18,0.28,9.8,0.039,29.0,113.0,0.99406,3.11,0.45,10.9,7
6.6,0.28,0.34,0.8,0.037000000000000005,42.0,119.0,0.9888,3.03,0.37,12.5,6
6.7,0.18,0.28,10.2,0.039,29.0,115.0,0.99469,3.11,0.45,10.9,7
6.3,0.37,0.28,6.3,0.034,45.0,152.0,0.9921,3.29,0.46,11.6,7
7.0,0.45,0.34,19.8,0.04,12.0,67.0,0.9976,3.07,0.38,11.0,6
5.9,0.34,0.3,3.8,0.035,57.0,135.0,0.99016,3.09,0.34,12.0,6
7.2,0.32,0.3,8.25,0.02,14.0,104.0,0.9936200000000001,2.99,0.44,11.4,6
8.4,0.32,0.35,11.7,0.028999999999999998,3.0,46.0,0.99439,3.02,0.34,11.8,6
8.0,0.74,0.21,4.0,0.05,24.0,133.0,0.99418,3.06,0.38,9.7,5
7.4,0.32,0.22,11.7,0.035,44.0,150.0,0.9957799999999999,3.1,0.45,10.4,5
7.5,0.18,0.37,6.2,0.05,21.0,138.0,0.99546,3.2,0.55,10.5,6
7.1,0.47,0.29,14.8,0.024,22.0,142.0,0.99518,3.12,0.48,12.0,8
6.8,0.29,0.34,3.5,0.054000000000000006,26.0,189.0,0.9948899999999999,3.42,0.58,10.4,5
6.5,0.23,0.45,2.1,0.027000000000000003,43.0,104.0,0.99054,3.02,0.52,11.3,6
6.3,0.27,0.29,12.2,0.044000000000000004,59.0,196.0,0.99782,3.14,0.4,8.8,6
6.3,0.2,0.37,11.8,0.045,58.0,130.0,0.99519,3.2,0.35,10.8,5
6.2,0.33,0.41,16.8,0.037000000000000005,58.0,173.0,0.99882,3.25,0.57,9.4,6
6.3,0.33,0.42,17.2,0.037000000000000005,57.0,170.0,0.99884,3.26,0.57,9.4,6
6.0,0.27,0.3,14.7,0.044000000000000004,15.0,144.0,0.99666,3.12,0.53,10.3,6
7.1,0.17,0.43,1.3,0.023,33.0,132.0,0.99067,3.11,0.56,11.7,6
6.2,0.25,0.54,7.0,0.046,58.0,176.0,0.99454,3.19,0.7,10.4,5
7.3,0.28,0.42,1.2,0.033,29.0,142.0,0.99205,3.17,0.43,10.7,4
6.1,0.18,0.38,2.3,0.033,28.0,111.0,0.98962,3.16,0.49,12.4,6
6.6,0.17,0.35,2.6,0.03,33.0,78.0,0.99146,3.22,0.72,11.3,6
5.8,0.31,0.32,4.5,0.024,28.0,94.0,0.98906,3.25,0.52,13.7,7
6.2,0.36,0.38,3.2,0.031,20.0,89.0,0.98956,3.06,0.33,12.0,7
6.6,0.17,0.35,2.6,0.03,33.0,78.0,0.99146,3.22,0.72,11.3,6
5.1,0.33,0.27,6.7,0.022000000000000002,44.0,129.0,0.99221,3.36,0.39,11.0,7
6.7,0.34,0.4,2.1,0.033,34.0,111.0,0.98924,2.97,0.48,12.2,7
6.5,0.29,0.26,7.0,0.04,18.0,113.0,0.99366,3.17,0.38,10.2,6
7.0,0.25,0.45,2.3,0.045,40.0,118.0,0.99064,3.16,0.48,11.9,7
7.6,0.27,0.52,3.2,0.043,28.0,152.0,0.99129,3.02,0.53,11.4,6
7.6,0.35,0.46,14.7,0.047,33.0,151.0,0.9970899999999999,3.03,0.53,10.3,5
6.5,0.23,0.39,1.9,0.036000000000000004,41.0,98.0,0.99,3.19,0.43,11.9,7
6.3,0.17,0.32,4.2,0.04,37.0,117.0,0.99182,3.24,0.43,11.3,6
6.7,0.21,0.37,2.5,0.034,35.0,89.0,0.9913,3.25,0.5,11.0,7
6.5,0.23,0.39,1.9,0.036000000000000004,41.0,98.0,0.99,3.19,0.43,11.9,7
5.6,0.18,0.27,1.7,0.03,31.0,103.0,0.98892,3.35,0.37,12.9,6
5.5,0.18,0.22,5.5,0.037000000000000005,10.0,86.0,0.99156,3.46,0.44,12.2,5
5.0,0.24,0.21,2.2,0.039,31.0,100.0,0.99098,3.69,0.62,11.7,6
6.5,0.33,0.38,2.5,0.047,30.0,148.0,0.98964,3.17,0.43,12.7,6
6.9,0.22,0.43,6.4,0.042,34.0,115.0,0.99293,3.05,0.51,10.8,6
6.6,0.39,0.39,11.9,0.057,51.0,221.0,0.99851,3.26,0.51,8.9,6
6.2,0.23,0.36,17.2,0.039,37.0,130.0,0.99946,3.23,0.43,8.8,6
7.2,0.32,0.4,8.7,0.038,45.0,154.0,0.9956799999999999,3.2,0.47,10.4,6
6.8,0.39,0.34,7.4,0.02,38.0,133.0,0.9921200000000001,3.18,0.44,12.0,7
6.1,0.17,0.42,15.1,0.033,28.0,124.0,0.99684,2.87,0.47,9.5,5
6.8,0.39,0.34,7.4,0.02,38.0,133.0,0.9921200000000001,3.18,0.44,12.0,7
7.1,0.36,0.37,4.8,0.019,39.0,114.0,0.99036,3.08,0.49,12.7,7
5.2,0.34,0.37,6.2,0.031,42.0,133.0,0.9907600000000001,3.25,0.41,12.5,6
5.8,0.28,0.3,1.5,0.026000000000000002,31.0,114.0,0.9895200000000001,3.32,0.6,12.5,7
7.0,0.21,0.42,5.3,0.037000000000000005,36.0,123.0,0.99321,3.14,0.52,10.9,6
6.4,0.22,0.38,9.1,0.044000000000000004,35.0,127.0,0.99326,2.97,0.3,11.0,7
6.8,0.21,0.4,6.3,0.032,40.0,121.0,0.9921399999999999,3.18,0.53,12.0,7
5.6,0.42,0.34,2.4,0.022000000000000002,34.0,97.0,0.98915,3.22,0.38,12.8,7
6.6,0.29,0.39,6.75,0.031,22.0,98.0,0.9913,3.15,0.8,12.9,7
8.2,0.3,0.44,12.4,0.043,52.0,154.0,0.9945200000000001,3.04,0.33,12.0,6
7.1,0.14,0.33,1.0,0.10400000000000001,20.0,54.0,0.9905700000000001,3.19,0.64,11.5,6
7.2,0.13,0.46,1.3,0.044000000000000004,48.0,111.0,0.9912700000000001,2.97,0.45,11.1,5
5.8,0.33,0.23,5.0,0.053,29.0,106.0,0.9945799999999999,3.13,0.52,9.0,5
9.0,0.38,0.53,2.1,0.102,19.0,76.0,0.9900100000000001,2.93,0.57,12.9,5
5.7,0.15,0.28,3.7,0.045,57.0,151.0,0.9913,3.22,0.27,11.2,6
6.7,0.31,0.32,14.5,0.038,6.0,79.0,0.9941200000000001,3.14,0.34,12.5,5
6.6,0.25,0.34,3.0,0.054000000000000006,22.0,141.0,0.9933799999999999,3.26,0.47,10.4,6
6.9,0.22,0.39,6.0,0.035,44.0,141.0,0.9912299999999999,3.11,0.33,12.5,6
6.4,0.23,0.35,4.6,0.039,43.0,147.0,0.99216,3.18,0.4,11.0,7
6.6,0.34,0.24,3.3,0.034,29.0,99.0,0.99031,3.1,0.4,12.3,7
6.4,0.23,0.35,4.6,0.039,43.0,147.0,0.99216,3.18,0.4,11.0,7
7.4,0.19,0.31,14.5,0.045,39.0,193.0,0.9986,3.1,0.5,9.2,6
7.4,0.19,0.31,14.5,0.045,39.0,193.0,0.9986,3.1,0.5,9.2,6
7.4,0.19,0.31,14.5,0.045,39.0,193.0,0.9986,3.1,0.5,9.2,6
6.3,0.32,0.32,1.5,0.03,24.0,101.0,0.9892299999999999,3.21,0.42,13.0,5
6.4,0.23,0.32,1.9,0.038,40.0,118.0,0.99074,3.32,0.53,11.8,7
6.5,0.48,0.02,0.9,0.043,32.0,99.0,0.99226,3.14,0.47,9.8,4
6.4,0.16,0.25,1.4,0.057,21.0,125.0,0.9909100000000001,3.23,0.44,11.1,7
8.0,0.34,0.25,6.4,0.035,38.0,103.0,0.9914799999999999,2.91,0.23,12.2,6
6.6,0.2,0.14,4.4,0.184,35.0,168.0,0.9939600000000001,2.93,0.45,9.4,6
6.6,0.28,0.42,8.2,0.044000000000000004,60.0,196.0,0.9956200000000001,3.14,0.48,9.4,5
7.8,0.25,0.37,1.0,0.043,10.0,80.0,0.9912799999999999,3.08,0.38,11.4,5
6.8,0.17,0.35,1.8,0.04,29.0,84.0,0.98961,2.91,0.57,12.0,7
6.5,0.25,0.5,7.6,0.047,54.0,184.0,0.99572,3.17,0.45,9.2,5
7.8,0.25,0.37,1.0,0.043,10.0,80.0,0.9912799999999999,3.08,0.38,11.4,5
6.0,0.32,0.3,1.9,0.033,41.0,142.0,0.9891200000000001,3.29,0.42,12.8,7
6.3,0.19,0.29,2.0,0.022000000000000002,33.0,96.0,0.9890200000000001,3.04,0.54,12.8,7
6.0,0.32,0.3,1.9,0.033,41.0,142.0,0.9891200000000001,3.29,0.42,12.8,7
6.4,0.35,0.28,12.6,0.039,19.0,124.0,0.99539,3.2,0.43,10.6,6
5.9,0.24,0.28,1.3,0.032,36.0,95.0,0.9888899999999999,3.08,0.64,12.9,7
6.6,0.435,0.38,9.2,0.057999999999999996,66.0,243.0,0.9983299999999999,3.23,0.54,9.1,6
5.8,0.17,0.36,1.3,0.036000000000000004,11.0,70.0,0.9920200000000001,3.43,0.68,10.4,7
6.4,0.24,0.29,1.0,0.038,18.0,122.0,0.9906,3.3,0.42,11.5,5
6.8,0.23,0.32,8.6,0.046,47.0,159.0,0.9945200000000001,3.08,0.52,10.5,6
6.5,0.22,0.28,3.7,0.059000000000000004,29.0,151.0,0.99177,3.23,0.41,12.1,7
6.9,0.38,0.29,13.65,0.048,52.0,189.0,0.99784,3.0,0.6,9.5,6
6.2,0.3,0.31,1.2,0.048,19.0,125.0,0.9899899999999999,3.32,0.54,12.6,6
6.9,0.38,0.29,13.65,0.048,52.0,189.0,0.99784,3.0,0.6,9.5,6
6.8,0.18,0.24,9.8,0.057999999999999996,64.0,188.0,0.9952,3.13,0.51,10.6,6
6.7,0.18,0.24,10.3,0.057,64.0,185.0,0.99519,3.12,0.5,10.6,6
7.2,0.27,0.28,15.2,0.046,6.0,41.0,0.99665,3.17,0.39,10.9,6
6.0,0.22,0.28,1.1,0.034,47.0,90.0,0.98862,3.22,0.38,12.6,6
6.7,0.36,0.28,8.3,0.034,29.0,81.0,0.99151,2.96,0.39,12.5,6
6.0,0.29,0.25,1.4,0.033,30.0,114.0,0.9879399999999999,3.08,0.43,13.2,6
7.0,0.22,0.28,10.6,0.039,32.0,117.0,0.99355,3.05,0.55,11.5,7
6.2,0.3,0.21,1.1,0.032,31.0,111.0,0.9889,2.97,0.42,12.2,6
6.6,0.18,0.28,1.7,0.040999999999999995,53.0,161.0,0.9920700000000001,3.13,0.45,10.2,6
6.5,0.28,0.34,3.6,0.04,29.0,121.0,0.99111,3.28,0.48,12.1,7
7.6,0.36,0.49,11.3,0.046,87.0,221.0,0.9984,3.01,0.43,9.2,5
8.8,0.39,0.35,1.8,0.096,22.0,80.0,0.99016,2.95,0.54,12.6,6
6.9,0.28,0.3,8.3,0.026000000000000002,37.0,113.0,0.99139,2.99,0.38,12.3,8
6.7,0.38,0.26,9.55,0.036000000000000004,35.0,91.0,0.9919,2.98,0.37,12.4,6
8.0,0.28,0.3,8.4,0.03,35.0,115.0,0.99192,2.93,0.42,12.3,6
5.6,0.32,0.33,7.4,0.037000000000000005,25.0,95.0,0.9926799999999999,3.25,0.49,11.1,6
5.8,0.15,0.32,1.2,0.037000000000000005,14.0,119.0,0.9913700000000001,3.19,0.5,10.2,6
7.1,0.32,0.3,9.9,0.040999999999999995,63.0,192.0,0.9964200000000001,3.12,0.49,10.2,6
8.9,0.3,0.35,4.6,0.032,32.0,148.0,0.9945799999999999,3.15,0.45,11.5,7
6.8,0.24,0.29,9.5,0.042,56.0,157.0,0.9958600000000001,3.11,0.51,10.1,6
6.7,0.64,0.3,1.2,0.03,18.0,76.0,0.9892,3.16,0.6,12.9,4
7.2,0.37,0.4,11.6,0.032,34.0,214.0,0.9963,3.1,0.51,9.8,6
6.9,0.24,0.23,7.1,0.040999999999999995,20.0,97.0,0.99246,3.1,0.85,11.4,6
7.1,0.25,0.28,1.2,0.04,31.0,111.0,0.99174,3.18,0.53,11.1,5
6.6,0.15,0.32,6.0,0.033,59.0,128.0,0.99192,3.19,0.71,12.1,8
6.0,0.17,0.29,9.7,0.044000000000000004,33.0,98.0,0.99536,3.12,0.36,9.2,6
5.6,0.34,0.3,6.9,0.038,23.0,89.0,0.99266,3.25,0.49,11.1,6
5.8,0.54,0.0,1.4,0.033,40.0,107.0,0.98918,3.26,0.35,12.4,5
7.6,0.22,0.28,12.0,0.055999999999999994,68.0,143.0,0.9983,2.99,0.3,9.2,6
6.8,0.17,0.34,2.0,0.04,38.0,111.0,0.99,3.24,0.45,12.9,6
6.8,0.19,0.34,1.9,0.04,41.0,108.0,0.99,3.25,0.45,12.9,6
6.6,0.16,0.36,1.1,0.031,27.0,93.0,0.9888399999999999,3.23,0.34,13.2,8
6.8,0.19,0.4,9.85,0.055,41.0,103.0,0.9953200000000001,2.98,0.56,10.5,6
6.2,0.36,0.45,10.4,0.06,22.0,184.0,0.99711,3.31,0.56,9.8,6
7.5,0.21,0.32,4.8,0.055999999999999994,39.0,113.0,0.99393,3.11,0.52,10.2,7
6.9,0.28,0.33,1.2,0.039,16.0,98.0,0.9904,3.07,0.39,11.7,6
6.0,0.28,0.27,15.5,0.036000000000000004,31.0,134.0,0.99408,3.19,0.44,13.0,7
6.7,0.24,0.36,8.4,0.042,42.0,123.0,0.9947299999999999,3.34,0.52,10.9,6
6.3,0.22,0.28,2.4,0.042,38.0,102.0,0.98998,3.14,0.37,11.6,7
6.4,0.3,0.36,2.0,0.052000000000000005,18.0,141.0,0.9927299999999999,3.38,0.53,10.5,6
6.1,0.33,0.3,3.0,0.036000000000000004,30.0,124.0,0.9892200000000001,3.31,0.4,13.1,7
6.0,0.28,0.27,15.5,0.036000000000000004,31.0,134.0,0.99408,3.19,0.44,13.0,7
6.5,0.16,0.34,1.4,0.028999999999999998,29.0,133.0,0.99108,3.33,0.64,11.5,7
6.6,0.29,0.29,1.8,0.036000000000000004,38.0,102.0,0.98819,3.08,0.42,13.7,7
6.9,0.33,0.62,7.5,0.038,46.0,132.0,0.9914299999999999,3.23,0.43,13.4,7
6.0,0.23,0.15,9.7,0.048,101.0,207.0,0.99571,3.05,0.3,9.1,5
6.9,0.75,0.13,6.3,0.036000000000000004,19.0,50.0,0.9931200000000001,3.09,0.25,11.1,4
7.2,0.23,0.46,6.4,0.036000000000000004,17.0,85.0,0.99279,3.1,0.78,11.7,6
6.6,0.22,0.3,14.7,0.045,50.0,136.0,0.9970399999999999,3.14,0.37,10.6,6
6.0,0.33,0.2,1.8,0.031,49.0,159.0,0.9919,3.41,0.53,11.0,6
6.0,0.33,0.2,1.8,0.031,49.0,159.0,0.9919,3.41,0.53,11.0,6
5.7,0.22,0.22,16.65,0.044000000000000004,39.0,110.0,0.99855,3.24,0.48,9.0,6
8.1,0.2,0.28,0.9,0.023,49.0,87.0,0.9906200000000001,2.92,0.36,11.1,6
4.8,0.21,0.21,10.2,0.037000000000000005,17.0,112.0,0.99324,3.66,0.48,12.2,7
8.1,0.2,0.28,0.9,0.023,49.0,87.0,0.9906200000000001,2.92,0.36,11.1,6
5.7,0.22,0.22,16.65,0.044000000000000004,39.0,110.0,0.99855,3.24,0.48,9.0,6
7.0,0.48,0.12,4.5,0.05,23.0,86.0,0.99398,2.86,0.35,9.0,5
6.9,0.26,0.27,4.2,0.031,20.0,80.0,0.9908899999999999,3.12,0.39,11.5,6
7.6,0.38,0.28,4.2,0.028999999999999998,7.0,112.0,0.9906,3.0,0.41,12.6,6
6.3,0.32,0.32,1.5,0.037000000000000005,12.0,76.0,0.98993,3.3,0.46,12.3,6
6.8,0.19,0.71,17.5,0.042,21.0,114.0,0.99784,2.85,0.5,9.5,6
6.6,0.39,0.38,9.7,0.053,49.0,226.0,0.99787,3.3,0.57,9.4,6
6.4,0.38,0.24,7.2,0.047,41.0,151.0,0.9960399999999999,3.11,0.6,9.2,5
7.0,0.16,0.25,14.3,0.044000000000000004,27.0,149.0,0.998,2.91,0.46,9.2,6
7.2,0.24,0.3,1.2,0.037000000000000005,11.0,95.0,0.9891399999999999,2.96,0.36,12.5,6
7.0,0.29,0.33,0.9,0.040999999999999995,20.0,117.0,0.9904799999999999,3.21,0.5,11.4,5
7.1,0.27,0.24,12.6,0.044000000000000004,48.0,118.0,0.99726,3.04,0.56,10.0,7
7.0,0.29,0.33,0.9,0.040999999999999995,20.0,117.0,0.9904799999999999,3.21,0.5,11.4,5
5.8,0.58,0.0,1.5,0.02,33.0,96.0,0.98918,3.29,0.38,12.4,6
6.5,0.26,0.39,1.4,0.02,12.0,66.0,0.9908899999999999,3.25,0.75,11.3,7
6.0,0.25,0.4,5.7,0.052000000000000005,56.0,152.0,0.99398,3.16,0.88,10.5,6
5.9,0.18,0.28,5.1,0.039,50.0,139.0,0.99165,3.16,0.44,11.3,6
6.3,0.32,0.17,17.75,0.06,51.0,190.0,0.99916,3.13,0.48,8.8,6
6.8,0.18,0.32,7.2,0.047,17.0,109.0,0.99498,3.42,0.44,10.4,6
5.4,0.53,0.16,2.7,0.036000000000000004,34.0,128.0,0.98856,3.2,0.53,13.2,8
5.8,0.32,0.28,4.3,0.032,46.0,115.0,0.98946,3.16,0.57,13.0,8
6.5,0.27,0.26,11.0,0.03,2.0,82.0,0.9940200000000001,3.07,0.36,11.2,5
6.2,0.21,0.18,11.6,0.044000000000000004,61.0,155.0,0.99655,3.14,0.52,9.4,6
5.4,0.3,0.3,1.2,0.028999999999999998,25.0,93.0,0.9874200000000001,3.31,0.4,13.6,7
5.6,0.25,0.19,2.4,0.049,42.0,166.0,0.992,3.25,0.43,10.4,6
6.8,0.15,0.41,12.9,0.044000000000000004,79.5,183.0,0.9974200000000001,3.24,0.78,10.2,6
6.4,0.16,0.44,1.2,0.051,39.0,122.0,0.9905799999999999,3.11,0.75,11.3,7
7.6,0.3,0.37,1.6,0.087,27.0,177.0,0.9943799999999999,3.09,0.5,9.8,5
7.0,0.3,0.27,1.5,0.076,24.0,145.0,0.99344,3.1,0.52,10.1,5
6.6,0.26,0.22,18.15,0.05,23.0,139.0,0.9990399999999999,3.06,0.5,9.2,5
6.6,0.15,0.34,1.0,0.037000000000000005,45.0,79.0,0.98949,2.96,0.5,11.7,6
6.7,0.34,0.43,1.6,0.040999999999999995,29.0,114.0,0.9901399999999999,3.23,0.44,12.6,6
7.7,0.35,0.46,11.8,0.08800000000000001,61.0,183.0,0.9978600000000001,2.86,0.47,9.0,5
6.6,0.28,0.23,10.4,0.049,45.0,190.0,0.99754,3.12,0.51,8.8,5
8.5,0.18,0.3,1.1,0.027999999999999997,34.0,95.0,0.99272,2.83,0.36,10.0,4
6.5,0.35,0.38,7.4,0.036000000000000004,20.0,196.0,0.9971200000000001,3.47,0.48,9.1,6
6.8,0.22,0.26,1.2,0.040999999999999995,29.0,182.0,0.9910399999999999,3.04,0.35,11.2,5
5.4,0.255,0.33,1.2,0.051,29.0,122.0,0.9904799999999999,3.37,0.66,11.3,6
6.6,0.26,0.28,9.4,0.027999999999999997,13.0,121.0,0.99254,3.17,0.34,12.1,6
6.2,0.2,0.33,5.4,0.027999999999999997,21.0,75.0,0.9901200000000001,3.36,0.41,13.5,7
6.2,0.22,0.2,20.8,0.035,58.0,184.0,1.00022,3.11,0.53,9.0,6
6.0,0.21,0.29,13.1,0.042,28.0,125.0,0.99936,3.39,0.45,8.6,5
6.1,0.22,0.46,1.8,0.16,34.0,74.0,0.9884,3.19,0.33,13.4,6
7.0,0.15,0.28,14.7,0.051,29.0,149.0,0.99792,2.96,0.39,9.0,7
7.0,0.15,0.28,14.7,0.051,29.0,149.0,0.99792,2.96,0.39,9.0,7
7.0,0.15,0.28,14.7,0.051,29.0,149.0,0.99792,2.96,0.39,9.0,7
6.2,0.24,0.25,12.5,0.055,47.0,134.0,0.9975799999999999,3.3,0.51,9.0,5
7.0,0.15,0.28,14.7,0.051,29.0,149.0,0.99792,2.96,0.39,9.0,7
5.4,0.46,0.15,2.1,0.026000000000000002,29.0,130.0,0.9895299999999999,3.39,0.77,13.4,8
5.5,0.17,0.23,2.9,0.039,10.0,108.0,0.9924299999999999,3.28,0.5,10.0,5
6.1,0.17,0.28,2.5,0.027999999999999997,22.0,98.0,0.99072,3.16,0.37,11.1,7
5.4,0.46,0.15,2.1,0.026000000000000002,29.0,130.0,0.9895299999999999,3.39,0.77,13.4,8
7.4,0.27,0.31,2.4,0.013999999999999999,15.0,143.0,0.9909399999999999,3.03,0.65,12.0,4
6.1,0.27,0.28,9.8,0.042,61.0,125.0,0.9953200000000001,3.14,0.42,10.2,6
6.5,0.33,0.28,6.1,0.018000000000000002,41.0,103.0,0.9912200000000001,3.24,0.32,12.2,6
6.3,0.15,0.3,1.4,0.022000000000000002,38.0,100.0,0.9909899999999999,3.42,0.57,11.4,7
6.5,0.32,0.45,7.7,0.022000000000000002,31.0,97.0,0.99134,3.2,0.7,12.7,7
5.6,0.19,0.31,2.7,0.027000000000000003,11.0,100.0,0.98964,3.46,0.4,13.2,7
6.6,0.27,0.52,8.1,0.044000000000000004,53.0,202.0,0.9954799999999999,3.18,0.48,9.5,5
6.6,0.26,0.52,8.2,0.047,52.0,191.0,0.99541,3.16,0.47,9.5,6
6.4,0.27,0.45,8.3,0.05,52.0,196.0,0.9955,3.18,0.48,9.5,5
6.5,0.26,0.5,8.0,0.051,46.0,197.0,0.99536,3.18,0.47,9.5,5
6.5,0.25,0.27,17.4,0.064,29.0,140.0,0.9977600000000001,3.2,0.49,10.1,6
7.0,0.39,0.21,10.7,0.098,13.0,91.0,0.9965700000000001,3.03,0.47,9.3,5
7.9,0.21,0.39,2.0,0.057,21.0,138.0,0.9917600000000001,3.05,0.52,10.9,5
7.2,0.17,0.34,6.4,0.042,16.0,111.0,0.9927799999999999,2.99,0.4,10.8,6
8.3,0.18,0.3,1.1,0.033,20.0,57.0,0.9910899999999999,3.02,0.51,11.0,6
6.8,0.21,0.62,6.4,0.040999999999999995,7.0,113.0,0.9935799999999999,2.96,0.59,10.2,5
6.3,0.4,0.24,5.1,0.036000000000000004,43.0,131.0,0.9918600000000001,3.24,0.44,11.3,6
5.1,0.35,0.26,6.8,0.034,36.0,120.0,0.9918799999999999,3.38,0.4,11.5,6
6.8,0.31,0.19,3.5,0.086,30.0,130.0,0.993,2.83,0.44,9.6,5
8.0,0.27,0.33,1.2,0.05,41.0,103.0,0.9900200000000001,3.0,0.45,12.4,6
6.5,0.41,0.22,4.8,0.052000000000000005,49.0,142.0,0.9946,3.14,0.62,9.2,5
6.7,0.37,0.25,2.5,0.027999999999999997,24.0,84.0,0.9909,3.14,0.36,11.7,6
6.4,0.32,0.23,16.2,0.055,36.0,176.0,0.9986,3.26,0.54,9.1,5
5.9,0.17,0.29,3.1,0.03,32.0,123.0,0.98913,3.41,0.33,13.7,7
6.6,0.32,0.26,4.6,0.031,26.0,120.0,0.99198,3.4,0.73,12.5,7
5.9,0.12,0.27,4.8,0.03,40.0,110.0,0.99226,3.55,0.68,12.1,6
5.9,0.18,0.29,4.6,0.032,68.0,137.0,0.99159,3.21,0.38,11.3,6
5.4,0.17,0.27,2.7,0.049,28.0,104.0,0.99224,3.46,0.55,10.3,6
6.5,0.27,0.19,6.6,0.045,98.0,175.0,0.99364,3.16,0.34,10.1,6
6.0,0.22,0.25,11.1,0.055999999999999994,112.0,177.0,0.9961,3.08,0.36,9.4,6
6.2,0.22,0.3,12.4,0.054000000000000006,108.0,152.0,0.9972799999999999,3.1,0.47,9.5,6
7.4,0.22,0.27,1.6,0.057,45.0,98.0,0.9929899999999999,3.29,0.44,9.9,7
6.8,0.73,0.2,6.6,0.054000000000000006,25.0,65.0,0.99324,3.12,0.28,11.1,4
6.0,0.28,0.24,17.8,0.047,42.0,111.0,0.9989600000000001,3.1,0.45,8.9,6
6.0,0.28,0.24,17.8,0.047,42.0,111.0,0.9989600000000001,3.1,0.45,8.9,6
7.1,0.2,0.37,1.5,0.049,28.0,129.0,0.99226,3.15,0.52,10.8,5
7.2,0.24,0.36,2.0,0.028999999999999998,21.0,63.0,0.9907600000000001,3.13,0.63,12.5,6
6.8,0.33,0.31,7.4,0.045,34.0,143.0,0.99226,3.06,0.55,12.2,6
6.0,0.28,0.24,17.8,0.047,42.0,111.0,0.9989600000000001,3.1,0.45,8.9,6
6.5,0.33,0.3,3.8,0.036000000000000004,34.0,88.0,0.9902799999999999,3.25,0.63,12.5,7
6.7,0.31,0.3,2.4,0.038,30.0,83.0,0.98867,3.09,0.36,12.8,7
6.2,0.39,0.24,4.8,0.037000000000000005,45.0,138.0,0.99174,3.23,0.43,11.2,7
7.1,0.37,0.3,6.2,0.04,49.0,139.0,0.99021,3.17,0.27,13.6,6
6.5,0.33,0.3,3.8,0.036000000000000004,34.0,88.0,0.9902799999999999,3.25,0.63,12.5,7
6.5,0.22,0.31,3.9,0.046,17.0,106.0,0.99098,3.15,0.31,11.5,5
6.2,0.3,0.28,1.6,0.036000000000000004,28.0,106.0,0.988245,3.14,0.41,13.3,6
6.9,0.22,0.28,7.8,0.05,43.0,116.0,0.99326,3.22,0.6,11.5,8
6.4,0.2,0.15,6.6,0.046,26.0,113.0,0.99408,2.99,0.58,9.9,6
6.1,0.27,0.32,6.2,0.048,47.0,161.0,0.9928100000000001,3.22,0.6,11.0,6
7.0,0.16,0.3,2.6,0.043,34.0,90.0,0.9904700000000001,2.88,0.47,11.2,6
6.3,0.33,0.2,17.9,0.066,36.0,161.0,0.9991,3.14,0.51,8.8,5
7.0,0.16,0.3,2.6,0.043,34.0,90.0,0.9904700000000001,2.88,0.47,11.2,6
7.7,0.31,0.36,4.3,0.026000000000000002,15.0,87.0,0.9915200000000001,3.11,0.48,12.0,5
5.6,0.185,0.19,7.1,0.048,36.0,110.0,0.9943799999999999,3.26,0.41,9.5,6
5.6,0.185,0.19,7.1,0.048,36.0,110.0,0.9943799999999999,3.26,0.41,9.5,6
7.6,0.39,0.46,11.7,0.084,55.0,170.0,0.9977299999999999,2.91,0.51,9.0,5
6.7,0.18,0.31,10.6,0.035,42.0,143.0,0.99572,3.08,0.49,9.8,7
6.1,0.24,0.26,1.7,0.033,61.0,134.0,0.9903,3.19,0.81,11.9,7
6.8,0.11,0.27,8.6,0.044000000000000004,45.0,104.0,0.99454,3.2,0.37,9.9,6
7.3,0.23,0.41,14.6,0.048,73.0,223.0,0.9986299999999999,3.16,0.71,9.4,6
6.1,0.25,0.48,15.8,0.052000000000000005,25.0,94.0,0.99782,3.07,0.45,9.2,6
6.1,0.25,0.48,15.8,0.052000000000000005,25.0,94.0,0.99782,3.07,0.45,9.2,6
6.0,0.26,0.29,3.1,0.040999999999999995,37.0,144.0,0.98944,3.22,0.39,12.8,7
6.5,0.46,0.24,11.5,0.051,56.0,171.0,0.9958799999999999,3.08,0.56,9.8,6
6.2,0.32,0.12,4.8,0.054000000000000006,6.0,97.0,0.99424,3.16,0.5,9.3,5
6.4,0.18,0.48,18.0,0.054000000000000006,56.0,183.0,1.0003799999999998,2.98,0.61,8.5,6
6.4,0.37,0.12,5.9,0.055999999999999994,6.0,91.0,0.99536,3.06,0.46,8.4,4
7.6,0.19,0.37,13.1,0.033,52.0,151.0,0.99726,3.18,0.79,10.4,6
6.9,0.19,0.38,1.15,0.023,30.0,105.0,0.9904700000000001,3.11,0.38,11.4,5
7.4,0.16,0.27,15.5,0.05,25.0,135.0,0.9984,2.9,0.43,8.7,7
7.2,0.17,0.28,17.55,0.05,33.0,154.0,0.99971,2.94,0.43,9.0,7
6.9,0.19,0.35,13.5,0.038,49.0,118.0,0.99546,3.0,0.63,10.7,6
6.5,0.43,0.18,13.15,0.032,25.0,131.0,0.99565,3.23,0.51,10.7,5
7.4,0.37,0.26,9.6,0.05,33.0,134.0,0.99608,3.13,0.46,10.4,5
5.8,0.23,0.21,1.5,0.044000000000000004,21.0,110.0,0.9913799999999999,3.3,0.57,11.0,6
5.4,0.265,0.28,7.8,0.052000000000000005,27.0,91.0,0.9943200000000001,3.19,0.38,10.4,6
5.9,0.23,0.28,8.6,0.046,37.0,142.0,0.9943200000000001,3.23,0.53,10.6,6
6.2,0.3,0.32,1.2,0.052000000000000005,32.0,185.0,0.99266,3.28,0.44,10.1,5
7.0,0.2,0.4,1.1,0.057999999999999996,30.0,93.0,0.9932200000000001,3.03,0.38,9.2,6
6.5,0.21,0.42,1.1,0.059000000000000004,33.0,101.0,0.9927,3.12,0.38,9.7,6
7.3,0.25,0.27,3.8,0.047,16.0,79.0,0.9917299999999999,3.07,0.46,11.3,6
6.8,0.27,0.24,4.6,0.098,36.0,127.0,0.9941200000000001,3.15,0.49,9.6,6
6.6,0.21,0.34,5.6,0.046,30.0,140.0,0.9929899999999999,3.22,0.38,11.0,5
6.9,0.37,0.23,9.5,0.057,54.0,166.0,0.9956799999999999,3.23,0.42,10.0,5
6.9,0.45,0.27,4.7,0.035,17.0,80.0,0.9905799999999999,3.12,0.36,12.5,7
5.0,0.255,0.22,2.7,0.043,46.0,153.0,0.9923799999999999,3.75,0.76,11.3,6
7.6,0.4,0.27,1.2,0.053,23.0,193.0,0.99164,3.22,0.38,11.6,5
5.5,0.21,0.25,1.2,0.04,18.0,75.0,0.99006,3.31,0.56,11.3,6
7.5,0.21,0.29,1.5,0.046,35.0,107.0,0.9912299999999999,3.15,0.45,11.3,6
6.6,0.44,0.32,3.0,0.095,13.0,75.0,0.98954,3.1,0.63,12.8,6
6.0,0.13,0.36,1.6,0.052000000000000005,23.0,72.0,0.98974,3.1,0.5,11.5,7
6.3,0.18,0.22,5.6,0.047,45.0,147.0,0.9938299999999999,3.09,0.54,10.0,5
6.7,0.31,0.34,6.8,0.059000000000000004,51.0,215.0,0.9953799999999999,3.33,0.56,10.3,5
6.6,0.33,0.32,15.6,0.054000000000000006,62.0,227.0,0.99734,3.25,0.56,10.4,5
6.8,0.29,0.32,1.8,0.032,18.0,130.0,0.99095,3.05,0.62,11.2,6
6.8,0.27,0.28,7.8,0.038,26.0,89.0,0.9915,3.24,0.34,12.5,6
6.1,0.25,0.28,10.0,0.055,56.0,131.0,0.9940000000000001,3.22,0.35,10.9,6
6.8,0.26,0.29,11.9,0.052000000000000005,54.0,160.0,0.99546,3.03,0.58,10.4,6
7.1,0.13,0.29,15.5,0.064,56.0,115.5,0.9973700000000001,3.16,0.41,9.7,7
6.2,0.2,0.25,15.0,0.055,8.0,120.0,0.9976700000000001,3.19,0.53,9.6,6
7.4,0.16,0.3,13.7,0.055999999999999994,33.0,168.0,0.99825,2.9,0.44,8.7,7
6.0,0.19,0.26,1.4,0.039,30.0,104.0,0.98998,3.32,0.41,12.4,6
6.6,0.22,0.37,1.6,0.04,31.0,101.0,0.9900899999999999,3.15,0.66,12.0,5
6.9,0.35,0.39,2.4,0.048,25.0,157.0,0.9913299999999999,3.2,0.54,11.1,7
7.5,0.38,0.56,9.7,0.055,15.0,170.0,0.99605,3.13,0.65,9.9,6
6.4,0.21,0.21,5.1,0.09699999999999999,21.0,105.0,0.9939,3.07,0.46,9.6,5
7.8,0.27,0.35,1.2,0.05,36.0,140.0,0.9913799999999999,3.09,0.45,11.2,5
6.7,0.2,0.24,6.5,0.044000000000000004,28.0,100.0,0.9934799999999999,3.12,0.33,10.2,6
8.1,0.27,0.33,1.3,0.045,26.0,100.0,0.99066,2.98,0.44,12.4,6
6.7,0.2,0.24,6.5,0.044000000000000004,28.0,100.0,0.9934799999999999,3.12,0.33,10.2,6
7.9,0.36,0.53,12.9,0.049,63.0,139.0,0.99792,2.94,0.45,9.1,5
6.7,0.41,0.27,2.6,0.033,25.0,85.0,0.9908600000000001,3.05,0.34,11.7,6
6.2,0.3,0.32,1.3,0.054000000000000006,27.0,183.0,0.99266,3.3,0.43,10.1,5
6.9,0.26,0.38,10.5,0.044000000000000004,33.0,139.0,0.9951700000000001,3.06,0.5,10.3,6
6.1,0.25,0.3,1.2,0.036000000000000004,42.0,107.0,0.991,3.34,0.56,10.8,7
6.6,0.31,0.37,6.2,0.052000000000000005,13.0,164.0,0.9960200000000001,3.24,0.39,8.8,4
6.5,0.38,0.53,1.4,0.142,5.0,69.0,0.9926,3.14,0.52,10.1,4
7.0,0.44,0.24,12.1,0.055999999999999994,68.0,210.0,0.99718,3.05,0.5,9.5,5
6.0,0.22,0.23,5.0,0.045,10.0,122.0,0.99261,2.94,0.63,10.0,6
7.5,0.35,0.37,2.5,0.066,29.0,89.0,0.98964,3.14,0.42,12.7,6
6.3,0.23,0.33,6.9,0.052000000000000005,23.0,118.0,0.9938,3.23,0.46,10.4,6
6.4,0.29,0.18,15.0,0.04,21.0,116.0,0.99736,3.14,0.5,9.2,5
6.0,0.31,0.27,2.3,0.042,19.0,120.0,0.9895200000000001,3.32,0.41,12.7,7
6.2,0.36,0.22,5.25,0.038,44.0,145.0,0.9918399999999999,3.22,0.4,11.2,6
6.6,0.21,0.3,9.9,0.040999999999999995,64.0,174.0,0.995,3.07,0.5,10.1,6
5.7,0.22,0.2,16.0,0.044000000000000004,41.0,113.0,0.9986200000000001,3.22,0.46,8.9,6
5.6,0.18,0.29,2.3,0.04,5.0,47.0,0.99126,3.07,0.45,10.1,4
5.7,0.22,0.2,16.0,0.044000000000000004,41.0,113.0,0.9986200000000001,3.22,0.46,8.9,6
6.0,0.2,0.26,6.8,0.049,22.0,93.0,0.9928,3.15,0.42,11.0,6
7.0,0.2,0.33,4.7,0.03,25.0,76.0,0.9920200000000001,2.88,0.54,10.5,6
7.0,0.2,0.35,8.8,0.037000000000000005,31.0,103.0,0.9938799999999999,3.13,0.49,11.0,6
6.9,0.26,0.29,4.2,0.043,33.0,114.0,0.9902,3.16,0.31,12.5,6
6.1,0.24,0.27,11.5,0.05,51.0,133.0,0.9947600000000001,3.22,0.37,10.8,6
7.2,0.585,0.2,10.4,0.086,17.0,94.0,0.9968100000000001,3.13,0.4,9.4,5
6.3,0.41,0.22,7.3,0.035,23.0,117.0,0.99172,3.2,0.39,11.94,7
6.7,0.41,0.24,5.4,0.035,33.0,115.0,0.9901,3.12,0.44,12.8933333333333,7
6.4,0.24,0.26,8.2,0.054000000000000006,47.0,182.0,0.9953799999999999,3.12,0.5,9.5,5
7.3,0.19,0.27,13.9,0.057,45.0,155.0,0.9980700000000001,2.94,0.41,8.8,8
7.3,0.19,0.27,13.9,0.057,45.0,155.0,0.9980700000000001,2.94,0.41,8.8,8
7.3,0.19,0.27,13.9,0.057,45.0,155.0,0.9980700000000001,2.94,0.41,8.8,8
5.7,0.28,0.35,1.2,0.052000000000000005,39.0,141.0,0.99108,3.44,0.69,11.3,6
6.4,0.31,0.28,2.5,0.039,34.0,137.0,0.98946,3.22,0.38,12.7,6
7.2,0.34,0.2,5.8,0.062,52.0,203.0,0.99461,3.17,0.44,9.8,6
6.5,0.2,0.33,1.5,0.039,36.0,110.0,0.99008,3.22,0.65,12.0,6
5.9,0.29,0.28,3.2,0.035,16.0,117.0,0.98959,3.26,0.42,12.6,6
6.5,0.3,0.28,11.45,0.040999999999999995,29.0,109.0,0.99418,2.98,0.3,10.9,6
6.5,0.13,0.27,2.6,0.035,32.0,76.0,0.9914,3.21,0.76,11.333333333333302,6
6.4,0.3,0.27,5.0,0.057999999999999996,27.0,151.0,0.99198,3.22,0.49,12.2,6
7.1,0.21,0.33,1.2,0.039,34.0,97.0,0.9911200000000001,3.11,0.75,11.2,6
6.7,0.26,0.29,7.1,0.036000000000000004,28.0,100.0,0.99534,3.08,0.36,9.3,6
6.3,0.28,0.22,9.5,0.04,30.0,111.0,0.9933799999999999,3.05,0.31,10.8,4
7.3,0.22,0.37,15.5,0.048,70.0,203.0,0.9989899999999999,3.25,0.77,9.4,5
6.4,0.18,0.28,17.05,0.047,53.0,139.0,0.99724,3.25,0.35,10.5,6
6.3,0.2,0.26,12.7,0.046,60.0,143.0,0.99526,3.26,0.35,10.8,6
7.4,0.27,0.26,11.8,0.053,55.0,173.0,0.9969899999999999,3.11,0.6,9.8,5
7.4,0.27,0.26,11.8,0.053,55.0,173.0,0.9969899999999999,3.11,0.6,9.8,5
7.4,0.27,0.26,11.8,0.053,55.0,173.0,0.9969899999999999,3.11,0.6,9.8,5
7.1,0.38,0.29,13.6,0.040999999999999995,30.0,137.0,0.99461,3.02,0.96,12.1,6
5.7,0.29,0.16,7.9,0.044000000000000004,48.0,197.0,0.9951200000000001,3.21,0.36,9.4,5
7.1,0.27,0.27,10.4,0.040999999999999995,26.0,114.0,0.99335,3.04,0.52,11.5,7
6.3,0.305,0.22,16.0,0.061,26.0,141.0,0.99824,3.08,0.5,9.1,5
5.7,0.24,0.47,6.3,0.069,35.0,182.0,0.9939100000000001,3.11,0.46,9.75,5
6.6,0.22,0.23,17.3,0.047,37.0,118.0,0.9990600000000001,3.08,0.46,8.8,6
6.9,0.44,0.27,5.0,0.038,33.0,166.0,0.99124,3.2,0.42,12.2,6
8.1,0.36,0.59,13.6,0.051,60.0,134.0,0.9988600000000001,2.96,0.39,8.7,5
6.1,0.21,0.19,1.4,0.046,51.0,131.0,0.9918399999999999,3.22,0.39,10.5,5
7.2,0.47,0.16,5.9,0.048,14.0,125.0,0.9942799999999999,3.09,0.49,9.8,5
6.7,0.34,0.31,16.4,0.051,20.0,146.0,0.99834,3.06,0.54,9.1,5
6.6,0.38,0.29,2.9,0.035,15.0,101.0,0.98916,3.04,0.37,12.5,6
6.6,0.18,0.26,17.3,0.051,17.0,149.0,0.9984,3.0,0.43,9.4,6
6.6,0.35,0.26,2.7,0.045,19.0,129.0,0.9895200000000001,3.24,0.48,13.0,7
5.9,0.22,0.18,6.4,0.040999999999999995,28.0,120.0,0.99403,3.27,0.5,9.9,5
7.7,0.28,0.24,2.4,0.044000000000000004,29.0,157.0,0.9931200000000001,3.27,0.56,10.6,6
6.2,0.2,0.28,1.1,0.039,24.0,78.0,0.9899,3.36,0.47,12.1,6
6.0,0.555,0.26,4.5,0.053,17.0,126.0,0.9943,3.24,0.46,9.1,5
6.4,0.15,0.25,7.8,0.05,13.0,68.0,0.9939399999999999,3.16,0.4,9.9,6
6.4,0.13,0.28,0.9,0.045,32.0,87.0,0.99175,3.47,0.52,11.2,6
5.8,0.3,0.33,3.5,0.033,25.0,116.0,0.9905700000000001,3.2,0.44,11.7,6
7.5,0.24,0.29,1.1,0.046,34.0,84.0,0.9902,3.04,0.39,11.45,6
7.5,0.24,0.29,1.1,0.046,34.0,84.0,0.9902,3.04,0.39,11.45,6
5.2,0.38,0.26,7.7,0.053,20.0,103.0,0.9925,3.27,0.45,12.2,6
6.6,0.54,0.21,16.3,0.055,41.0,182.0,0.9986,3.35,0.54,10.4,6
7.1,0.25,0.31,2.3,0.05,32.0,156.0,0.9914,3.14,0.51,11.4,6
5.8,0.61,0.01,8.4,0.040999999999999995,31.0,104.0,0.9909,3.26,0.72,14.05,7
6.2,0.32,0.32,2.2,0.036000000000000004,15.0,70.0,0.9899,3.16,0.48,12.7,6
5.8,0.31,0.31,7.5,0.052000000000000005,55.0,230.0,0.9949,3.19,0.46,9.8,5
9.0,0.2,0.33,3.5,0.049,10.0,40.0,0.9944,3.14,0.36,9.8,6
5.8,0.27,0.22,12.7,0.057999999999999996,42.0,206.0,0.9946,3.32,0.38,12.3,6
7.3,0.26,0.53,12.7,0.047,60.5,164.5,0.9984,3.06,0.45,9.1,6
7.3,0.28,0.54,12.9,0.049,62.0,162.5,0.9984,3.06,0.45,9.1,6
6.4,0.24,0.27,1.5,0.04,35.0,105.0,0.9891399999999999,3.13,0.3,12.4,6
7.3,0.26,0.53,12.7,0.047,60.5,156.0,0.9984,3.06,0.45,9.1,6
8.3,0.14,0.36,8.8,0.026000000000000002,13.0,60.0,0.9956,3.13,0.35,11.05,5
6.0,0.23,0.34,1.3,0.025,23.0,111.0,0.98961,3.36,0.37,12.7,6
6.9,0.28,0.37,9.1,0.037000000000000005,16.0,76.0,0.9948,3.05,0.54,11.1,5
6.3,0.25,0.53,1.8,0.021,41.0,101.0,0.9893149999999999,3.19,0.31,13.0,6
6.5,0.2,0.31,2.1,0.033,32.0,95.0,0.9894350000000001,2.96,0.61,12.0,6
6.8,0.23,0.33,1.9,0.047,20.0,101.0,0.9914,3.1,0.46,11.1,6
6.8,0.45,0.3,11.8,0.094,23.0,97.0,0.997,3.09,0.44,9.6,5
5.6,0.22,0.32,1.2,0.024,29.0,97.0,0.9882299999999999,3.2,0.46,13.05,7
6.0,0.2,0.26,14.7,0.045,53.0,125.0,0.998365,2.99,0.69,9.4,6
6.3,0.37,0.51,6.3,0.048,35.0,146.0,0.9943,3.1,1.01,10.5,6
6.4,0.3,0.33,5.2,0.05,30.0,137.0,0.9930399999999999,3.26,0.58,11.1,5
6.5,0.36,0.31,13.55,0.053,20.0,113.0,0.99544,3.2,0.56,11.0,6
6.5,0.36,0.31,13.55,0.053,20.0,113.0,0.99544,3.2,0.56,11.0,6
6.5,0.16,0.33,1.0,0.027000000000000003,23.0,75.0,0.9908,3.3,0.39,11.4,7
6.9,0.23,0.35,6.9,0.03,45.0,116.0,0.99244,2.8,0.54,11.0,6
6.4,0.17,0.34,13.4,0.044000000000000004,45.0,139.0,0.9975200000000001,3.06,0.43,9.1,6
6.9,0.29,0.32,5.8,0.04,16.0,112.0,0.993,3.04,0.58,11.2,5
5.9,0.44,0.36,2.5,0.03,12.0,73.0,0.9920100000000001,3.22,0.48,10.8,6
5.9,0.42,0.36,2.4,0.034,19.0,77.0,0.9918399999999999,3.25,0.48,10.9,5
6.4,0.38,0.19,4.5,0.038,36.0,119.0,0.99151,3.07,0.42,11.2,6
6.6,0.21,0.39,2.3,0.040999999999999995,31.0,102.0,0.99221,3.22,0.58,10.9,7
6.3,0.3,0.91,8.2,0.034,50.0,199.0,0.9939399999999999,3.39,0.49,11.7,6
6.2,0.28,0.41,5.0,0.043,50.0,188.0,0.99318,3.23,0.64,10.8,6
6.6,0.26,0.36,1.2,0.035,43.0,126.0,0.9909399999999999,3.01,0.63,11.4,6
5.7,0.24,0.3,1.3,0.03,25.0,98.0,0.9896799999999999,3.37,0.43,12.4,7
5.0,0.24,0.34,1.1,0.034,49.0,158.0,0.98774,3.32,0.32,13.1,7
5.7,0.39,0.25,4.9,0.033,49.0,113.0,0.98966,3.26,0.58,13.1,7
6.0,0.29,0.41,10.8,0.048,55.0,149.0,0.9937,3.09,0.59,10.966666666666699,7
7.1,0.43,0.25,2.8,0.036000000000000004,43.0,132.0,0.98975,3.21,0.47,13.4,6
6.6,0.25,0.25,1.3,0.04,28.0,85.0,0.9898399999999999,2.87,0.48,11.2,6
6.6,0.33,0.41,2.0,0.027000000000000003,14.0,79.0,0.9906299999999999,3.27,0.63,12.4,6
7.3,0.17,0.36,8.2,0.027999999999999997,44.0,111.0,0.99272,3.14,0.41,12.4,6
4.9,0.335,0.14,1.3,0.036000000000000004,69.0,168.0,0.9921200000000001,3.47,0.46,10.4666666666667,5
4.9,0.335,0.14,1.3,0.036000000000000004,69.0,168.0,0.9921200000000001,3.47,0.46,10.4666666666667,5
6.0,0.28,0.52,6.2,0.027999999999999997,37.0,104.0,0.99161,3.28,0.51,11.8,7
6.0,0.28,0.52,6.2,0.027999999999999997,37.0,104.0,0.99161,3.28,0.51,11.8,7
4.7,0.335,0.14,1.3,0.036000000000000004,69.0,168.0,0.9921200000000001,3.47,0.46,10.5,5
6.8,0.63,0.04,1.3,0.057999999999999996,25.0,133.0,0.99271,3.17,0.39,10.2,4
6.8,0.32,0.33,0.7,0.027000000000000003,15.0,66.0,0.9899,3.11,0.31,11.8,6
6.7,0.16,0.32,12.5,0.035,18.0,156.0,0.99666,2.88,0.36,9.0,6
6.0,0.36,0.32,1.1,0.053,26.0,173.0,0.9941399999999999,3.38,0.54,8.8,5
6.7,0.35,0.32,9.0,0.032,29.0,113.0,0.9918799999999999,3.13,0.65,12.9,7
6.8,0.3,0.33,12.8,0.040999999999999995,60.0,168.0,0.99659,3.1,0.56,9.8,5
6.4,0.69,0.09,7.6,0.044000000000000004,34.0,144.0,0.9948,3.26,0.38,10.1,6
6.4,0.69,0.09,7.6,0.044000000000000004,34.0,144.0,0.9948,3.26,0.38,10.1,6
5.7,0.27,0.16,9.0,0.053,32.0,111.0,0.99474,3.36,0.37,10.4,6
5.9,0.21,0.31,1.8,0.033,45.0,142.0,0.9898399999999999,3.35,0.5,12.7,6
5.7,0.27,0.16,9.0,0.053,32.0,111.0,0.99474,3.36,0.37,10.4,6
6.7,0.15,0.32,7.9,0.034,17.0,81.0,0.9951200000000001,3.29,0.31,10.0,6
4.8,0.225,0.38,1.2,0.07400000000000001,47.0,130.0,0.9913200000000001,3.31,0.4,10.3,6
6.7,0.15,0.32,7.9,0.034,17.0,81.0,0.9951200000000001,3.29,0.31,10.0,6
6.0,0.25,0.28,7.7,0.053,37.0,132.0,0.9948899999999999,3.06,0.5,9.4,6
6.4,0.42,0.46,8.4,0.05,58.0,180.0,0.99495,3.18,0.46,9.7,6
6.3,0.48,0.48,1.8,0.035,35.0,96.0,0.99121,3.49,0.74,12.2,6
6.0,0.25,0.28,7.7,0.053,37.0,132.0,0.9948899999999999,3.06,0.5,9.4,6
6.8,0.32,0.43,1.6,0.05,4.0,65.0,0.99346,3.27,0.47,10.7,5
7.9,0.3,0.6,1.85,0.048,13.0,106.0,0.99331,3.24,0.49,11.85,5
6.0,0.17,0.36,1.7,0.042,14.0,61.0,0.99144,3.22,0.54,10.8,6
6.1,0.27,0.31,3.9,0.034,42.0,137.0,0.99218,3.24,0.46,10.9,6
6.0,0.27,0.32,3.6,0.035,36.0,133.0,0.99215,3.23,0.46,10.8,6
6.0,0.14,0.37,1.2,0.032,63.0,148.0,0.99185,3.32,0.44,11.2,5
5.0,0.24,0.19,5.0,0.043,17.0,101.0,0.9943799999999999,3.67,0.57,10.0,5
5.6,0.26,0.5,11.4,0.028999999999999998,25.0,93.0,0.9942799999999999,3.23,0.49,10.5,6
6.0,0.14,0.37,1.2,0.032,63.0,148.0,0.99185,3.32,0.44,11.2,5
5.5,0.16,0.26,1.5,0.032,35.0,100.0,0.9907600000000001,3.43,0.77,12.0,6
6.0,0.38,0.26,3.5,0.035,38.0,111.0,0.98872,3.18,0.47,13.6,7
6.5,0.2,0.35,3.9,0.04,27.0,140.0,0.9910200000000001,2.98,0.53,11.8,6
6.6,0.17,0.26,7.4,0.052000000000000005,45.0,128.0,0.9938799999999999,3.16,0.37,10.0,6
5.9,0.48,0.3,1.5,0.037000000000000005,19.0,78.0,0.9905700000000001,3.47,0.42,11.9,7
5.2,0.21,0.31,1.7,0.048,17.0,61.0,0.9895299999999999,3.24,0.37,12.0,7
5.0,0.27,0.4,1.2,0.076,42.0,124.0,0.9920399999999999,3.32,0.47,10.1,6
6.0,0.31,0.32,7.4,0.175,47.0,159.0,0.9952,3.19,0.5,9.4,6
5.9,0.32,0.19,14.5,0.042,37.0,115.0,0.99684,3.16,0.43,10.3,5
6.2,0.26,0.2,8.0,0.047,35.0,111.0,0.99445,3.11,0.42,10.4,6
6.0,0.35,0.46,0.9,0.033,9.0,65.0,0.98934,3.24,0.35,12.1,4
6.0,0.17,0.3,7.3,0.039,39.0,104.0,0.9925200000000001,2.91,0.57,11.0,6
5.8,0.36,0.5,1.0,0.127,63.0,178.0,0.9921200000000001,3.1,0.45,9.7,5
7.0,0.24,0.47,1.3,0.043,18.0,131.0,0.9917600000000001,3.19,0.45,11.0,6
6.8,0.23,0.48,1.5,0.036000000000000004,35.0,165.0,0.9916200000000001,3.18,0.45,11.3,6
6.0,0.34,0.29,6.1,0.046,29.0,134.0,0.9946200000000001,3.48,0.57,10.7,6
5.9,0.32,0.26,1.5,0.057,17.0,141.0,0.9917,3.24,0.36,10.7,5
6.2,0.28,0.57,1.0,0.043,50.0,92.0,0.9900399999999999,3.17,0.36,11.5,6
7.0,0.36,0.35,2.5,0.048,67.0,161.0,0.99146,3.05,0.56,11.1,6
6.4,0.33,0.44,8.9,0.055,52.0,164.0,0.9948799999999999,3.1,0.48,9.6,5
5.2,0.25,0.23,1.4,0.047,20.0,77.0,0.9900100000000001,3.32,0.62,11.4,5
6.2,0.35,0.29,3.9,0.040999999999999995,22.0,79.0,0.99005,3.1,0.59,12.066666666666698,6
7.5,0.38,0.33,9.2,0.043,19.0,116.0,0.99444,3.08,0.42,11.4,6
6.2,0.36,0.32,4.0,0.036000000000000004,44.0,92.0,0.98936,3.2,0.5,13.3,7
6.1,0.32,0.28,6.6,0.021,29.0,132.0,0.9918799999999999,3.15,0.36,11.45,7
5.0,0.2,0.4,1.9,0.015,20.0,98.0,0.9897,3.37,0.55,12.05,6
5.6,0.2,0.36,2.5,0.048,16.0,125.0,0.99282,3.49,0.49,10.0,6
7.4,0.22,0.26,1.2,0.035,18.0,97.0,0.99245,3.12,0.41,9.7,6
6.6,0.34,0.4,8.1,0.046,68.0,170.0,0.9949399999999999,3.15,0.5,9.53333333333333,6
5.0,0.235,0.27,11.75,0.03,34.0,118.0,0.9954,3.07,0.5,9.4,6
6.5,0.33,0.38,8.3,0.048,68.0,174.0,0.99492,3.14,0.5,9.6,5
6.6,0.34,0.4,8.1,0.046,68.0,170.0,0.9949399999999999,3.15,0.5,9.55,6
4.9,0.235,0.27,11.75,0.03,34.0,118.0,0.9954,3.07,0.5,9.4,6
6.1,0.34,0.29,2.2,0.036000000000000004,25.0,100.0,0.9893799999999999,3.06,0.44,11.8,6
6.5,0.24,0.19,1.2,0.040999999999999995,30.0,111.0,0.99254,2.99,0.46,9.4,6
