age,balance
30,1787
33,4789
35,1350
30,1476
59,0
35,747
36,307
39,147
41,221
43,-88
39,9374
43,264
36,1109
20,502
31,360
40,194
56,4073
37,2317
25,-221
31,132
38,0
42,16
44,106
44,93
26,543
41,5883
55,627
67,696
56,784
53,105
68,4189
31,171
59,42
32,2536
49,1235
42,1811
78,229
32,2089
33,3935
23,363
38,11971
36,553
52,1117
32,396
32,2204
34,872
55,145
26,0
32,-849
61,4629
45,844
37,228
38,50
34,1539
53,2231
48,3064
57,82
33,2155
36,101
54,784
41,-516
63,415
48,5887
48,1355
56,16873
51,203
31,338
29,444
41,0
32,360
37,0
42,2
31,6248
41,412
56,344
54,3222
41,174
40,591
50,388
40,219
27,451
60,5
28,177
52,657
37,1315
51,1466
41,879
35,293
38,424
34,1831
39,111
34,455
27,-195
32,3616
57,14093
41,1567
41,5426
30,261
36,2843
31,406
36,0
38,493
49,5996
57,3777
34,524
32,574
37,427
33,483
56,3391
27,0
21,2488
58,1517
32,217
33,22
25,331
25,505
30,1808
22,4111
39,52
46,25
31,1890
45,419
32,2693
36,-231
51,-55
34,462
24,119
45,586
32,228
77,4659
41,168
37,0
43,-715
48,0
27,769
33,0
29,428
34,0
52,-970
60,6313
32,948
32,0
56,1877
31,874
42,323
35,106
56,1906
48,1152
46,179
37,391
41,89
36,442
45,-249
55,8104
39,501
35,308
55,602
55,273
27,50
34,1641
34,20
25,4590
41,-256
43,978
28,80
31,2104
78,499
45,1269
48,310
32,1143
42,2980
37,37
40,462
32,1031
42,9009
43,-465
44,5181
37,176
37,1699
37,0
28,172
32,0
34,6979
40,6
34,-62
34,1972
34,899
37,21
36,23
56,-1206
49,0
33,215
30,1372
36,1981
23,9216
57,39
27,5563
38,1
42,782
75,3771
34,992
48,1526
35,2658
39,1315
29,455
45,0
42,2030
29,1599
38,-196
56,1333
36,9149
25,-350
38,432
57,11494
31,-253
42,372
45,1410
30,975
49,305
49,400
53,-22
37,4030
49,365
41,204
54,1691
32,406
33,-204
33,359
36,123
35,0
52,142
40,3571
44,33
45,0
30,3096
48,20
33,3576
57,206
57,7082
51,1634
34,1
50,4012
44,3762
27,-247
50,606
36,0
42,-189
32,0
42,484
43,0
31,395
32,2349
55,410
58,3401
46,222
55,989
34,415
28,16
42,7190
29,482
54,209
32,0
39,5803
53,624
58,883
40,1516
29,872
33,-988
38,902
56,1007
40,0
24,174
46,12186
35,524
35,0
34,4
35,11219
38,0
50,5776
51,37
59,593
32,1148
37,3561
42,63
40,260
28,2269
47,1060
27,-220
41,49
34,69
50,4108
47,480
53,4994
53,0
47,3681
49,-701
29,451
45,-311
38,593
32,759
70,4531
65,1840
56,345
35,1287
56,353
56,205
49,687
38,1147
35,4286
38,605
49,8545
55,559
43,2
43,2
25,760
30,1317
46,182
50,276
35,2971
26,1064
45,1783
37,-67
60,179
38,1199
47,214
33,6699
51,1760
35,145
35,978
48,1150
37,121
29,828
34,244
32,228
30,424
47,447
33,-195
33,1410
63,1084
51,10924
41,832
56,478
60,0
41,3950
37,504
36,219
57,1602
55,2587
44,0
47,2303
31,1660
35,32
39,278
50,4
29,318
30,209
46,271
27,3196
48,4099
26,2572
36,339
42,0
50,395
49,2039
45,5450
23,780
38,0
32,8436
60,11262
30,946
58,497
60,55
38,-140
51,-379
42,-396
30,0
40,733
37,393
53,7290
27,468
39,0
39,3705
59,9676
37,1328
41,8
45,61
48,6613
48,302
32,1005
35,109
33,1240
28,0
64,2923
35,0
33,43
41,288
34,613
37,6101
38,168
39,7685
35,4515
28,517
27,148
48,-285
50,887
45,3098
41,744
39,130
44,438
54,0
49,322
34,186
75,3810
42,0
53,4380
49,755
31,2070
45,999
39,167
46,1322
42,1076
37,502
26,1216
37,876
36,342
29,950
36,973
26,3825
32,2366
40,542
53,995
29,20
34,228
43,130
56,217
55,0
31,259
27,619
36,644
44,22
37,4303
30,239
42,275
30,1221
62,816
24,1222
31,2363
66,2262
47,2
39,2
35,4508
35,-402
27,1577
32,34
44,795
42,117
34,5462
25,402
40,641
43,36
55,383
50,283
45,0
35,3102
32,889
59,0
34,-370
39,-606
40,10378
36,1313
40,8969
55,-196
38,15
61,4608
41,666
57,452
48,149
77,7802
35,1453
54,1480
37,715
56,237
40,694
40,0
54,55
55,136
55,-404
52,779
55,1187
33,641
52,826
33,991
53,1796
46,22
44,244
48,1328
50,7317
34,4943
38,258
42,515
32,12607
58,2
31,13
19,103
41,3872
31,296
52,217
42,360
41,428
30,315
38,121
32,820
52,195
48,108
36,-381
45,757
34,691
36,1925
34,902
61,5207
54,0
50,665
43,738
47,233
45,-839
57,5799
27,1033
49,66
43,2567
40,1584
32,182
58,76
34,663
46,3455
29,15
52,1054
45,1529
26,63
40,0
41,920
47,3696
27,59
27,0
48,157
49,2465
35,0
47,2
54,0
39,12437
28,378
54,211
34,-228
63,2747
42,1932
43,11269
37,1314
55,2275
43,1304
41,720
47,2914
34,1464
28,11555
36,-302
50,2497
35,-339
40,56
26,211
36,3611
59,0
28,459
46,242
50,1138
53,1319
81,1
35,67
58,937
44,0
38,-558
49,171
33,696
29,361
28,227
31,236
33,-53
52,192
43,38
32,518
36,16
41,-256
43,105
45,334
39,1048
41,108
31,660
37,0
28,1034
47,201
37,189
60,-49
43,1413
58,264
52,54
50,12519
32,2881
42,0
31,88
28,1020
36,119
51,1594
46,342
50,72
32,14
26,81
41,231
39,1161
31,-45
28,231
31,36
30,1570
35,7050
33,3704
30,6619
32,-84
40,1509
31,1134
36,146
33,9449
57,374
45,88
59,2764
30,2
33,8023
52,289
83,0
58,1382
33,280
41,2195
31,33
35,275
27,703
57,887
56,0
53,1178
39,2763
32,890
46,548
56,272
46,6269
29,178
60,252
33,23663
27,81
50,59
45,1343
58,225
59,0
58,2538
64,43
47,57
40,-117
36,666
28,0
38,25
53,1034
46,324
54,0
32,0
55,621
55,138
56,4063
40,11084
44,310
32,73
33,1808
41,1281
37,64
58,2
52,60
49,133
44,3706
28,174
31,251
37,4153
30,985
28,168
46,1550
47,7708
35,-12
80,6483
30,60
55,3339
22,1161
33,599
53,28
49,1430
51,35
41,6000
34,0
36,340
35,0
29,3
40,445
32,874
48,705
59,1033
35,1354
33,123
55,8894
41,429
42,14752
46,67
35,39
28,102
25,1790
56,15311
30,-635
45,115
40,10786
40,498
39,1045
48,810
31,-162
32,55
34,586
26,455
31,1010
37,509
29,2929
57,3071
47,153
38,1146
48,1092
50,3463
33,1158
28,26
30,566
52,204
36,480
36,1855
46,1034
57,3250
28,1633
46,0
55,3334
33,4020
53,66
41,-41
60,322
35,2643
43,49
57,1
46,3098
31,352
53,65
35,1949
32,739
48,1167
50,231
40,1136
42,233
59,817
27,1128
32,1831
35,450
28,0
37,414
57,1052
42,1022
55,343
52,1944
26,-32
52,1781
26,350
33,2
24,111
37,168
28,3
30,102
33,0
55,159
33,1134
42,352
37,865
59,179
27,5
23,-230
51,0
50,3924
43,764
37,511
34,4348
41,3016
26,279
49,1405
29,908
30,162
38,792
58,111
34,1281
53,1012
50,2881
30,445
40,643
57,254
40,-1212
41,2125
53,629
48,-202
32,271
34,703
46,-216
45,88
51,16
31,466
47,-75
32,456
41,77
37,-244
27,1209
27,58
50,421
31,112
40,13669
43,1429
39,794
31,1957
48,454
32,882
47,168
35,714
42,0
47,1996
59,163
38,3190
50,1772
27,-151
55,16
39,7066
31,454
37,4798
28,-298
42,439
40,1927
59,671
40,65
43,-932
38,4366
54,0
41,4900
55,976
33,148
46,5
36,-148
48,113
42,-105
46,624
49,-1680
36,-461
34,144
51,4
58,309
48,866
41,1020
49,489
43,8167
32,-255
54,3671
33,636
35,141
56,150
57,839
31,26965
33,716
29,2485
38,15030
37,11303
33,595
30,19358
31,203
28,183
26,255
31,102
50,94
45,58
48,606
41,0
60,65
41,338
43,757
36,9269
40,1206
28,882
27,5291
49,61
37,0
31,1407
31,25
31,1354
35,793
51,10287
33,5235
30,3
58,409
34,35
45,-459
28,198
31,99
40,60
30,3485
34,-139
40,952
59,1427
43,1017
41,-29
33,9
33,4040
36,13
32,1259
25,18
25,-76
38,221
34,136
67,16353
32,-63
45,7353
33,511
38,3913
32,1097
54,6102
51,340
42,-119
41,2993
39,3575
38,361
39,1072
46,2904
50,1790
33,86
37,1633
31,8312
34,172
34,0
36,222
40,109
40,1451
41,1066
52,3163
40,888
48,428
33,106
44,0
55,979
51,2662
34,84
58,5920
39,816
27,3276
55,2
35,-51
37,3315
52,196
41,552
52,2347
34,3723
53,255
33,3143
47,0
35,6411
33,1909
55,3873
58,1013
44,262
25,3217
37,5436
41,2067
34,215
36,1594
44,134
34,262
56,3021
43,388
28,3412
54,1291
37,79
59,2013
58,543
56,1016
32,604
42,525
52,353
46,964
37,3913
39,879
31,314
59,0
38,1370
58,37
34,673
40,-342
20,291
34,209
31,438
39,1242
34,355
24,204
41,10758
40,5
45,410
36,605
53,4
23,8494
42,198
48,841
34,8
36,470
43,520
36,439
49,-454
55,466
53,665
42,994
45,5346
31,1243
32,0
36,2357
56,1044
46,1069
41,231
31,0
32,266
38,-70
49,25824
46,538
29,534
36,2323
38,1852
53,2647
43,2767
41,176
42,9720
55,1613
39,2903
30,81
41,780
44,178
58,299
35,285
27,872
34,1337
25,72
36,0
38,-388
30,11
47,-535
41,787
36,3343
63,3904
23,736
32,1390
57,808
48,1147
49,1122
50,-568
33,1165
53,-905
30,0
38,740
44,8262
39,14
45,7108
36,1049
38,0
36,419
30,726
28,594
26,454
54,2206
38,1988
32,0
50,202
43,667
48,112
57,50
64,768
26,74
33,661
50,3025
47,751
39,416
52,14
31,-502
50,0
47,599
30,-218
32,1012
36,300
46,217
45,2096
37,0
58,5278
59,1831
28,1480
48,7289
55,1665
37,851
41,2885
35,137
34,1239
43,146
59,1
50,-10
37,480
35,2789
50,3897
36,487
41,5110
28,318
42,-411
60,4820
28,4937
48,725
51,5403
32,4089
35,188
37,189
38,2998
77,610
32,787
43,167
36,243
29,877
32,2817
41,4567
26,127
34,176
57,0
36,1482
42,3052
35,56
52,278
36,3875
46,-337
60,366
57,501
48,998
59,0
39,246
44,-182
27,446
59,1173
36,5957
44,205
50,0
41,369
47,1934
32,259
38,284
55,23
38,1373
31,62
38,157
29,991
55,186
35,977
40,2893
34,1897
32,5514
33,889
33,273
37,1193
58,2729
36,0
42,230
34,2729
35,317
60,517
50,-470
28,4579
27,1
37,5106
31,636
34,1076
38,126
32,-33
37,430
33,-6
71,383
27,130
38,2569
34,201
54,0
30,6
35,475
33,706
36,1825
59,185
72,4415
64,679
53,320
35,2988
58,1407
40,1270
41,654
48,5173
44,3463
39,0
61,6016
36,177
28,3694
58,1640
60,174
66,10177
36,490
49,2576
40,0
23,598
29,15459
44,271
54,2508
47,320
33,640
30,1772
27,15
49,2370
27,201
51,160
32,5
30,75
33,4902
27,-79
75,1341
37,490
36,1521
37,131
35,8
32,-632
32,116
35,189
31,2
28,4229
27,54
22,549
35,298
69,579
37,1467
45,0
47,109
52,-11
33,90
60,493
33,1897
44,2403
38,868
54,653
32,0
33,0
55,218
51,5050
48,741
37,1050
33,-56
30,1
43,-98
49,4667
54,541
31,7744
54,895
36,-129
30,0
27,158
30,122
30,673
35,0
33,411
43,-97
41,-217
41,5037
46,2232
54,-932
32,913
30,236
40,0
30,2581
27,639
41,849
54,386
32,1218
31,2603
42,-921
48,607
34,79
55,61
49,1091
46,743
47,209
24,172
58,2
32,41
25,1116
49,-55
59,5845
30,329
46,494
42,1519
37,2685
44,-14
49,5673
41,1459
48,0
31,625
37,0
51,867
80,8304
32,151
48,-583
49,1784
30,3134
27,49
34,-346
49,1623
48,60
40,17
38,2008
46,91
41,171
28,1027
51,5801
33,142
26,205
34,852
27,-584
42,97
45,204
31,628
32,311
39,1564
26,856
40,1509
52,-888
40,226
48,127
31,413
27,710
47,1233
28,171
40,69
34,1499
29,751
36,61
83,425
55,2923
43,99
23,1021
44,1146
58,781
29,1448
30,604
29,-194
41,0
35,0
31,1014
27,73
47,2597
53,2627
34,1906
34,-319
36,-296
40,169
37,556
65,300
53,751
28,126
33,-386
56,379
45,706
39,9121
28,1466
36,0
41,951
46,368
41,121
59,204
24,299
34,4170
40,-335
42,3165
50,254
25,553
51,518
50,85
37,603
21,361
52,-98
55,4424
26,2610
38,3234
32,687
31,631
34,341
33,316
35,2
44,415
48,507
29,912
50,0
37,37
44,2524
36,9019
49,39
31,0
49,265
35,0
57,4012
42,1520
36,-140
75,852
38,578
40,0
38,2253
34,1171
29,452
28,-97
79,4738
51,467
32,0
36,495
38,157
49,358
42,292
43,7343
34,-563
59,351
35,365
33,13494
34,846
64,1574
34,-28
77,0
57,2927
30,501
56,1238
49,301
73,1388
39,102
57,13
32,413
32,4665
45,638
32,101
31,1224
49,1103
29,3748
55,955
30,518
45,1893
39,14
36,-423
33,3696
36,2987
31,433
36,756
38,0
33,2727
40,93
31,1766
39,124
33,69
53,0
38,0
59,259
55,4103
38,744
48,116
53,70
44,432
57,1172
29,9
31,428
35,7546
31,620
35,8647
40,192
39,0
43,27733
44,276
29,113
40,782
33,82
46,1008
27,6421
26,443
41,351
34,5060
39,-41
27,-124
31,79
44,3945
55,197
51,837
50,-94
30,1743
46,57
49,635
56,-113
47,225
30,124
36,475
40,-7
37,375
42,936
45,1415
34,0
27,3638
30,-99
32,167
46,19
29,242
53,13
32,286
49,769
35,93
38,1663
39,238
34,2178
42,792
35,871
60,1025
57,63
31,16
29,417
41,3992
46,2749
33,133
32,1721
54,2171
37,4760
32,2979
43,690
50,203
34,322
31,1210
43,634
49,273
22,47
35,1100
56,0
53,0
54,1544
32,6145
41,28
40,1012
33,245
33,1998
34,3990
36,1328
34,412
55,229
28,1562
29,3432
31,144
52,1339
54,386
43,7727
55,204
28,101
45,728
45,2418
51,2934
42,0
43,181
34,176
36,49
37,2023
50,372
42,7702
34,464
48,117
47,104
40,1041
37,539
38,0
29,406
46,2558
26,484
30,3516
42,5639
42,100
31,1306
37,815
26,245
54,191
70,2815
29,3672
50,1572
60,385
32,29
32,84
34,876
48,1499
25,0
32,6217
32,329
47,162
32,14533
49,151
53,-2
41,4684
47,1149
35,11
33,8004
49,1019
46,1297
29,415
58,671
40,2378
34,417
60,71
43,1188
50,8139
33,249
37,689
55,203
45,-183
47,3451
58,116
36,1746
55,0
31,897
38,821
42,130
32,1
39,8
41,55
59,699
42,759
33,687
53,4968
43,1211
39,426
27,376
39,12
27,23
33,353
29,330
33,0
41,353
38,2273
30,0
58,744
37,608
36,356
45,1291
23,-306
53,306
44,-312
32,493
32,71
38,669
47,556
34,84
52,108
45,-11
50,1164
52,-191
37,132
51,2237
32,4761
33,-346
28,655
66,1048
31,0
35,624
47,1784
36,1281
32,569
34,1666
40,168
33,263
39,-405
38,279
32,0
65,300
34,415
34,0
42,1322
31,1062
47,302
44,809
38,-278
28,3238
46,751
51,-28
42,0
37,2442
58,1798
43,132
36,260
34,7
31,3283
49,323
54,2960
29,486
51,343
40,507
35,5958
25,304
32,118
30,123
38,76
46,70
43,960
32,2185
29,309
56,2190
57,0
38,3732
51,1550
35,62
37,704
48,4415
30,4
60,262
56,238
45,97
38,410
20,1191
59,-47
34,197
36,6
53,2398
51,630
58,235
48,1910
56,3172
51,872
35,407
40,100
59,345
44,2058
49,889
35,0
41,51
55,150
51,34
27,795
57,282
51,2139
38,-469
49,197
40,825
47,3232
48,1598
47,871
56,83
29,1445
38,226
32,-55
42,243
30,-336
26,3672
35,0
35,251
35,44
57,2887
29,1992
32,2
45,1415
51,297
31,1094
50,-84
38,-1
37,347
35,1253
37,4565
28,781
38,7124
43,17555
43,5172
56,15520
32,13711
58,1533
47,286
31,-219
38,0
50,810
32,300
37,1175
39,0
40,113
41,641
45,1477
31,0
54,8
39,399
56,-435
35,2830
34,15
31,125
38,45
41,13
44,0
49,579
30,432
31,1987
34,857
70,15834
45,3370
31,6290
57,808
40,4075
28,373
44,-101
49,3250
46,1375
34,180
58,175
52,381
27,2171
48,340
33,10
46,4958
51,21244
31,156
35,473
37,781
60,0
40,1819
50,4374
34,456
32,253
36,774
32,-59
40,-81
37,0
57,0
46,-3
31,2488
39,3
35,839
32,103
44,316
41,1680
59,7179
39,247
54,8295
27,261
51,95
33,291
38,2240
52,0
54,1295
33,324
50,669
39,4143
34,2646
41,618
48,541
38,434
34,622
32,0
48,99
28,290
47,1230
32,45
32,923
38,950
86,1503
47,65
42,-679
44,773
25,10788
34,991
34,247
53,4143
42,-406
30,180
26,-887
40,4157
34,1386
34,2211
40,-495
36,27359
34,440
32,135
39,-735
36,60
39,902
33,18347
34,-72
42,1205
46,499
32,656
27,100
35,69
53,619
29,192
35,0
49,87
58,3228
40,1361
19,0
30,34
34,318
60,197
28,0
46,273
49,15
59,7813
44,-27
33,75
54,1139
26,115
54,0
48,7195
30,-477
29,1026
51,3921
53,980
43,-179
34,2552
40,1729
43,434
33,-300
66,4785
44,-329
33,0
31,391
71,4657
22,3472
46,705
32,255
45,4365
32,350
49,474
27,489
46,757
37,695
30,-770
44,80
45,315
27,213
57,0
66,2169
40,212
48,333
33,4404
42,257
47,3188
27,3083
78,226
50,1260
46,1410
41,6046
36,980
49,-37
46,-154
77,680
30,799
43,-1164
44,2523
40,98
38,3419
25,343
49,852
33,50
40,0
44,10
32,950
52,0
35,175
35,-259
32,6217
42,-1310
59,139
44,7138
50,1111
27,113
55,-612
54,310
31,-186
56,2038
51,833
61,625
34,105
56,551
29,145
34,618
35,1063
56,985
45,2926
31,-449
37,66
43,0
40,419
44,4758
38,-23
58,1573
24,77
53,1378
36,-73
28,60
45,137
32,1583
46,-121
28,1065
51,-13
51,1869
30,4787
39,-183
28,702
31,1494
31,0
38,46
31,609
74,4079
40,0
43,7876
34,925
54,7010
51,42
33,285
41,0
33,3170
48,8
42,216
35,2975
25,894
38,490
45,245
59,0
47,150
33,4
59,1727
41,664
42,473
51,0
45,-192
30,1942
33,5137
43,13044
37,1053
73,154
43,625
52,255
44,529
56,318
21,1903
43,1937
54,3859
59,4198
52,230
31,747
53,263
24,-46
57,0
48,568
57,1469
51,18
50,201
34,1412
43,-93
31,-331
29,486
39,694
36,2806
38,0
56,2959
41,22
47,1167
38,35
80,8304
37,4760
44,-1313
33,697
53,230
69,473
46,1427
30,201
31,1086
38,4335
34,44
48,286
46,216
42,214
41,343
33,-77
39,1046
27,1566
26,592
38,104
48,0
54,-22
51,0
47,72
53,100
35,319
58,9339
52,50
57,32
52,6922
35,633
48,4265
46,2262
39,1970
38,1513
34,4659
47,668
35,649
46,452
27,-145
31,-498
31,0
46,22
31,2304
33,1412
42,145
33,4897
40,1832
51,3726
31,591
62,0
24,508
48,817
41,348
43,291
52,3554
54,781
32,267
38,1327
41,-306
31,864
35,1265
26,0
52,214
58,425
57,3
34,0
59,0
27,282
42,0
47,3727
33,0
31,864
37,4089
29,-478
38,-363
35,8883
31,1970
62,1859
32,1059
31,388
51,602
29,0
43,255
36,63
34,712
29,57
57,523
43,422
33,386
60,3387
51,260
40,-1
51,1490
38,497
35,1707
47,826
45,907
40,1836
29,404
52,907
26,18
31,-495
55,1210
35,819
56,442
28,-46
27,671
30,371
51,-3
33,11
32,33
43,104
46,174
32,3107
40,1438
39,1367
51,-11
46,1693
43,778
36,837
48,363
26,236
39,0
47,-50
23,4
54,26306
38,46
33,575
35,148
52,431
25,777
29,199
35,3552
49,47
41,3823
32,138
29,1117
28,1325
59,0
34,4343
55,1598
34,3301
24,822
42,-280
34,1534
34,1671
51,2007
58,0
44,2776
33,139
34,573
34,475
42,47
46,2154
31,96
39,83
34,6766
47,3973
42,372
48,-552
30,48
38,7696
24,4500
34,1
46,46
32,-18
46,451
26,479
42,0
50,1130
41,389
34,10
32,401
58,145
45,115
28,89
35,94
39,1438
49,780
50,207
37,238
45,2433
30,1924
48,-471
36,1531
41,764
55,383
70,3782
41,326
47,691
34,0
33,99
58,502
51,-15
45,1929
55,0
30,185
33,-424
27,0
59,319
34,171
47,-1148
44,-11
35,0
45,-206
42,704
38,1931
34,943
35,327
29,-105
58,983
44,787
45,0
43,3060
44,5780
30,790
38,1449
50,1412
21,681
38,228
42,0
45,2087
34,2
48,197
34,0
32,1905
35,118
39,2644
36,16430
35,13
57,14
28,769
43,3485
57,139
34,202
36,6
47,2515
36,5195
33,2098
57,320
57,3431
34,50
51,370
54,-182
52,1623
43,13342
58,6570
53,225
44,-665
29,0
27,54
35,46
40,2
34,103
38,883
32,55
41,8238
25,913
38,595
26,7
37,1661
30,102
36,338
33,3132
33,490
35,2682
24,0
29,596
54,2059
27,132
34,0
39,385
38,223
37,0
26,512
36,1169
35,71
30,940
25,-80
34,0
52,1317
39,179
34,1007
34,0
30,1286
33,804
30,4
51,0
36,417
48,1678
37,532
58,407
56,659
34,393
33,661
26,0
40,838
35,195
45,68
37,-242
35,321
43,3403
28,8
32,739
26,622
35,152
35,2
39,1439
42,1491
32,6402
30,1210
26,122
30,0
32,62
47,3333
33,16992
57,23
35,0
53,6072
24,366
54,0
31,1343
41,2105
44,2319
35,35
30,877
43,30
51,-2082
60,89
43,104
31,1750
56,772
42,1048
52,592
40,0
36,3064
40,33
46,0
32,1649
31,287
41,0
58,419
36,257
52,118
42,251
32,1731
62,0
31,23
41,-386
34,5498
44,5063
42,7041
37,654
47,1890
32,2400
46,519
39,1190
28,229
26,203
52,1818
42,1289
33,39
73,796
35,57
40,1548
51,117
37,0
39,691
28,64
49,0
36,957
45,118
29,218
35,724
35,20
30,-28
46,665
25,5
36,925
42,2519
57,3927
42,401
29,581
36,1327
31,3242
59,3163
50,32
47,310
46,0
26,155
31,11386
30,1380
47,2443
23,1129
44,4232
42,5564
32,-402
28,1323
57,1623
38,1042
22,2488
54,865
32,-1053
32,1667
59,975
45,2571
53,732
50,769
34,-136
35,3636
30,931
62,565
40,271
26,1153
34,-73
50,558
31,137
35,700
55,-966
34,96
58,4007
50,567
31,40
47,136
38,917
46,593
42,505
34,2542
37,5355
38,807
59,9976
32,0
55,540
35,280
56,-59
27,-517
42,2613
42,-7
41,0
53,-200
67,2301
53,104
33,191
31,694
31,212
30,1882
48,131
30,175
43,0
38,4425
46,3533
59,3573
44,476
35,1257
55,23
39,0
36,398
33,745
48,8106
33,0
67,696
48,1266
57,2416
31,25
30,7513
56,29
26,5116
44,-1746
44,14
31,4148
47,14
30,105
37,767
56,0
43,-228
42,508
60,725
34,41
34,184
41,251
38,-17
23,-19
33,1064
36,777
49,377
34,479
40,-375
72,796
43,17
44,1071
35,0
46,7378
55,865
50,-701
23,817
34,1387
40,0
61,2917
53,4541
57,0
28,4287
25,242
38,171
27,259
45,827
31,469
39,2226
42,0
46,477
36,42
30,775
32,9
52,2557
31,2395
60,4895
35,376
38,389
46,134
45,1273
59,0
34,2892
33,0
46,295
48,292
31,85
32,4
35,-587
36,367
52,-1224
45,959
34,0
25,-589
26,-8
57,0
48,247
48,5543
32,642
58,11
57,-226
31,5191
33,-320
53,2289
36,725
32,705
45,776
35,816
41,171
54,812
49,823
28,1453
24,431
30,1009
32,286
53,22370
42,2111
48,5366
33,181
31,-452
56,1770
58,0
37,-296
59,2358
50,1200
39,109
30,616
47,4906
44,313
38,290
50,1240
27,3672
73,19
46,143
56,212
36,9
33,3074
40,1734
52,575
51,397
33,640
54,158
44,2984
50,1011
45,0
36,1133
42,4945
37,712
28,-427
56,2146
59,92
32,10
57,1238
49,981
56,575
48,-70
27,3733
31,574
28,43
36,428
58,0
46,0
32,474
39,-540
35,560
31,325
29,437
48,574
60,0
74,935
30,699
52,0
24,-220
29,11417
33,212
34,67
45,0
31,0
45,1673
27,-1202
30,4213
45,0
57,1521
34,1310
40,0
39,399
46,405
55,9756
25,2506
34,697
37,403
64,890
45,809
57,158
21,137
58,2705
41,75
41,2457
58,541
33,287
32,273
44,0
47,677
41,340
54,98
47,477
32,2629
59,0
29,2325
48,-20
32,230
46,-852
31,-280
53,25
34,9851
48,5095
32,687
31,1368
27,-179
60,-396
34,1011
52,9
48,1159
45,-322
54,1114
52,2072
47,459
54,1157
34,8309
39,1043
46,2098
26,461
37,61
47,1203
35,1067
57,0
34,1657
47,1219
27,7
40,-839
39,994
36,6
42,0
23,8627
34,133
34,247
49,1114
57,1592
59,0
57,46
34,1221
61,985
35,0
42,520
57,10
42,2157
53,6095
63,133
47,1121
54,88
45,0
28,-328
58,610
48,414
35,0
37,0
37,685
37,22856
25,-352
58,602
52,-588
19,302
59,5314
41,64
34,632
35,5731
41,902
28,6307
53,112
35,0
33,621
37,435
32,782
32,478
54,7864
44,1910
36,1174
56,1270
30,18
36,141
43,2886
40,2715
32,1100
34,516
37,1
28,775
35,634
53,5715
60,1088
40,1532
57,75
29,103
44,134
41,748
47,1990
43,192
37,267
34,586
30,648
57,25
26,96
34,1116
46,-90
38,170
37,3665
28,2380
57,179
39,763
49,320
38,1960
27,818
30,2678
38,1980
36,1582
38,62
59,235
37,489
29,3931
43,699
33,58
54,1327
55,557
32,741
48,3230
33,1439
46,120
44,1058
47,881
38,6728
80,462
40,167
43,1574
32,1625
39,562
33,9305
31,35
36,0
35,2486
25,368
33,1558
23,8627
31,2590
36,0
44,900
31,385
55,1649
51,9228
36,0
27,1
40,771
49,280
59,46
32,2431
42,308
35,160
29,555
29,778
37,48
49,169
51,12
61,848
43,481
42,12223
24,-254
46,1148
23,5
26,50
43,92
35,470
38,0
56,109
31,440
32,0
28,2685
26,-3
49,7007
33,220
80,1548
40,326
42,0
46,123
32,697
37,223
32,1694
53,4446
39,894
31,202
34,0
44,1707
35,13658
39,406
55,96
34,0
39,-276
58,413
37,655
56,694
32,10218
41,1646
29,14
44,7635
24,9
43,1029
26,2855
39,260
49,2039
52,-97
33,1465
30,125
32,930
27,0
58,73
46,-35
28,1351
39,1601
41,88
38,435
50,717
56,705
34,1553
33,-131
61,1191
36,47
34,544
36,688
45,242
27,118
45,-388
40,1603
36,1511
46,147
37,836
36,55
37,1123
22,691
51,0
49,12531
35,552
50,0
31,309
47,33
59,681
32,1787
71,14220
31,12569
41,4
35,3587
36,254
46,1712
46,4855
47,2408
35,252
37,346
56,45
46,556
44,-710
48,-551
28,56
38,1514
34,178
56,359
55,1580
44,221
38,1161
53,1278
41,982
34,16
34,1
35,128
38,2543
42,42045
56,828
37,0
47,3940
29,125
41,140
43,593
38,746
31,589
32,2343
40,294
45,644
43,-26
27,3354
33,23
37,7
60,3735
51,2094
44,508
48,0
57,93
29,0
50,26394
36,-11
49,523
49,-74
35,0
39,122
34,351
57,35
37,2610
25,64
43,60
37,342
36,1830
49,1904
38,16957
39,26
40,0
34,79
39,2303
53,65
44,332
32,-399
50,-54
29,-102
55,4809
73,279
52,11
49,2201
63,8044
34,2374
32,92
49,443
40,1397
53,7
53,3177
43,232
35,81
35,414
25,1433
31,187
48,0
40,4610
46,1429
30,334
47,2
23,500
29,43
38,4030
56,306
52,0
55,168
43,210
34,518
43,1696
55,-31
34,856
34,318
43,64
39,800
39,75
34,347
55,2366
67,701
34,475
47,3285
33,925
45,128
36,1587
59,879
33,478
52,280
53,1868
41,819
45,4646
60,27
32,736
28,224
31,2544
53,427
58,2764
38,376
46,523
53,71
56,3948
52,1810
38,994
37,52
37,11
37,0
66,747
44,2657
61,313
34,61
33,2557
30,0
27,10
37,658
38,1679
35,0
50,841
39,0
35,1160
36,-37
28,94
39,585
39,235
30,2145
32,1464
28,232
47,187
53,12
57,318
47,405
56,334
38,0
52,2
46,966
57,195
42,0
57,0
51,260
53,451
37,3242
47,8515
48,1808
39,20
42,3068
36,23
34,1076
61,1060
32,678
35,1147
54,-630
31,459
45,976
32,357
52,-9
36,1927
31,500
53,9146
43,59
47,0
46,328
34,291
55,-703
23,589
75,6053
58,1142
35,725
27,802
24,556
48,191
31,373
57,6164
53,37
42,1156
50,806
59,2381
38,-314
39,285
28,1199
55,481
33,137
36,168
38,156
28,4745
32,11797
35,786
58,4015
30,0
33,331
36,1554
32,132
34,5086
42,529
41,4824
63,474
38,86
54,2281
39,186
46,137
37,6968
76,86
28,81
33,6904
46,137
30,25
60,759
56,1922
24,3298
58,764
79,8556
32,3514
33,0
77,680
60,0
54,2819
30,-518
50,60
50,732
37,2707
41,177
49,13229
41,-204
40,990
38,648
34,50
49,1916
72,763
34,470
31,0
33,5739
31,0
55,-375
25,157
34,1518
53,1343
39,-401
41,5310
32,2285
29,22171
56,856
19,1169
39,3797
32,53
43,2519
32,795
53,0
52,2087
43,34
48,5
27,15
27,390
51,712
39,2600
33,-241
50,1545
59,1026
58,435
54,876
60,1801
38,2278
39,157
40,1327
55,284
36,495
31,1588
38,0
52,428
45,542
32,66
58,314
35,24
36,613
55,1467
45,192
49,321
44,788
37,48
35,262
36,4438
44,5045
32,3014
56,21664
32,5878
35,2723
44,576
59,0
31,2197
60,104
33,1279
45,295
45,2128
57,367
36,1477
30,71
30,127
59,2921
58,16264
49,1672
48,9207
28,356
59,133
40,1217
32,202
58,590
28,442
27,808
38,427
53,431
60,4256
33,0
52,238
64,846
40,3
52,693
28,0
49,362
28,618
29,2893
87,230
37,1287
36,179
35,980
33,79
60,3043
25,808
69,745
41,1309
48,290
35,1792
30,178
59,0
32,537
28,416
60,1472
36,3953
32,112
34,13204
58,0
53,2240
31,22546
33,0
46,23
29,228
37,215
58,23
34,293
34,0
49,199
53,459
42,8131
40,-378
30,395
31,10787
55,865
36,340
31,1882
26,265
31,389
49,0
54,384
47,94
61,1471
49,937
51,500
53,25
35,365
25,34
79,429
53,6839
21,6
33,467
40,1876
34,1847
52,247
27,897
57,4664
51,1291
31,64
49,-471
32,1160
28,14
33,26
50,452
42,382
45,2033
34,0
56,789
33,142
34,645
37,897
37,103
35,847
38,0
32,517
52,1308
49,66
46,361
42,66
36,70
32,180
49,279
46,4
40,1416
36,465
36,998
34,550
46,1285
32,4908
32,336
32,131
43,348
25,453
55,1102
24,926
40,502
38,8669
48,316
36,9324
57,0
45,72
33,61
38,173
26,-162
30,47
55,1983
34,326
60,2552
36,1283
65,2179
39,1047
52,36
55,-308
26,1177
40,2077
52,0
29,1
41,7735
30,1922
28,153
26,2770
58,139
29,21
48,178
35,444
26,209
49,3096
34,5320
32,4885
31,0
48,5462
40,6767
42,2974
48,427
38,8876
53,146
59,319
28,304
41,389
50,766
31,0
30,3107
59,174
33,-305
35,670
30,6164
71,2850
30,79
24,110
34,5039
34,360
52,199
33,238
38,5092
41,1088
42,221
38,889
48,750
34,0
46,1291
33,1844
40,89
36,4280
32,0
33,625
55,574
58,320
25,468
47,440
40,0
59,5706
40,7780
30,-559
25,16874
58,1987
39,98
40,642
38,526
66,6483
47,2306
37,954
36,-679
50,-1
76,2590
58,331
42,4209
58,462
28,0
41,0
30,151
32,883
27,266
48,0
36,491
54,3
36,198
52,14363
34,0
43,136
32,28
33,335
51,174
39,270
44,1206
49,198
25,914
39,31
54,0
32,347
36,860
54,89
31,0
45,0
31,68
45,-149
33,2411
46,225
43,2731
50,112
44,0
42,3620
26,179
47,1544
48,199
60,231
27,76
30,302
28,189
58,565
37,310
36,1746
39,6
52,-110
55,2749
30,6495
36,35
39,-650
47,292
42,5774
42,2416
58,35
68,19317
43,50
44,-674
49,3726
57,1180
61,6610
36,319
31,1545
51,1315
31,424
56,151
30,-970
38,-762
35,181
31,-120
39,1022
50,78
39,209
26,2469
55,0
43,328
34,0
51,307
31,1384
32,0
53,719
44,0
38,6704
47,4543
36,0
30,149
46,-1400
33,-118
43,2160
38,3452
27,842
38,3576
41,1666
29,0
39,0
42,1628
47,51
30,447
34,396
45,4994
43,3215
59,2814
50,0
39,293
36,474
44,16178
36,0
27,88
29,308
70,1164
44,13893
55,0
36,-435
28,389
50,356
49,2718
71,261
31,757
45,16
42,-422
45,248
47,145
60,598
35,949
31,614
33,1209
50,202
51,1840
34,114
56,-229
29,182
31,401
44,759
55,4194
35,0
36,629
54,153
32,553
36,1057
60,78
32,-28
57,929
34,428
27,268
52,83
45,998
58,2223
39,6
48,312
36,0
31,691
41,771
30,192
57,0
29,1070
29,84
30,2
44,1242
33,5969
56,3337
26,1347
52,64
32,249
36,0
26,128
37,196
34,351
26,5533
32,38
30,35
27,235
42,30
33,92
37,67
45,4022
36,3057
39,0
33,349
47,2322
49,167
46,558
31,-230
43,4094
30,239
43,497
42,179
30,305
33,-67
41,4539
29,770
38,-673
29,858
80,0
38,5244
36,117
38,846
44,0
31,1331
31,31
57,179
37,543
50,253
60,71188
51,5108
48,1738
42,-97
36,199
43,489
31,355
49,-97
35,473
44,6649
34,263
46,781
49,1032
32,119
35,434
51,2967
57,-331
59,1585
40,4384
49,588
51,3180
35,0
29,-76
32,152
37,1040
49,-384
45,473
34,475
53,0
42,149
43,3285
52,424
34,79
34,674
27,0
43,58
41,532
72,4130
35,422
41,437
36,-308
51,30
37,137
42,-247
26,321
23,250
50,-470
37,140
35,2793
37,410
79,2628
39,116
47,0
44,878
36,2944
33,3975
42,96
35,2288
31,472
58,65
46,0
41,400
58,7495
33,137
31,24
55,3450
38,311
55,139
47,0
51,492
46,334
61,997
47,440
34,47
34,1298
41,3355
36,-11
26,396
35,8
36,1409
26,170
58,2769
50,2320
61,76
28,2034
49,3018
74,921
53,483
46,390
47,0
42,92
56,22196
42,2
49,249
43,3274
39,5731
66,206
30,2325
38,0
31,1664
32,3333
48,7020
34,37
28,28
40,1670
36,134
52,603
46,276
25,2157
52,161
40,3658
26,-402
26,3342
35,1732
40,263
31,623
32,3540
33,95
53,765
46,-824
28,5549
31,191
44,420
35,0
50,2706
32,4
51,423
51,-892
31,-120
41,-365
57,27069
34,8038
47,-938
47,1139
36,189
29,19
39,3663
53,0
47,-614
51,2323
48,425
32,5122
36,608
50,341
39,607
31,1495
49,381
33,385
26,1274
27,362
51,377
26,802
45,194
54,-315
49,1843
47,-9
42,83
50,433
37,-107
54,4503
40,51
50,961
57,49
33,3470
49,-147
35,0
28,0
58,172
31,-407
36,649
49,1040
30,142
29,209
50,3304
26,294
27,4848
32,1670
62,367
34,13683
25,1420
34,340
44,1679
38,1198
57,169
36,506
41,1249
36,678
27,212
37,23
47,4402
31,459
39,4722
35,1555
40,61
38,0
31,3706
36,1177
53,2096
59,748
29,3357
30,3809
52,395
55,1011
56,420
32,76
24,0
51,844
36,1318
36,167
42,2187
49,14440
48,2294
36,80
48,2537
30,569
27,0
38,0
36,12
45,49
44,460
42,613
37,7944
48,1143
57,-464
44,1989
48,17
56,-1
37,1698
47,5306
54,0
51,1679
47,3676
25,-242
39,471
40,8902
38,1704
34,3050
53,2581
32,162
35,243
24,1847
58,0
49,3371
45,1757
55,171
42,157
28,934
48,-19
51,-55
38,21
27,14
50,246
44,887
40,51
29,-287
34,0
44,2734
50,52
34,2594
54,22
34,1611
34,18
52,1331
60,7337
39,835
58,5092
41,52
48,10655
58,1831
40,92
48,586
52,1758
50,2061
25,959
54,208
34,-315
48,-13
37,801
66,1948
32,751
45,784
43,24
41,72
40,1871
44,1378
43,188
30,6836
32,61
57,-967
31,462
49,0
31,5527
41,1287
44,17361
54,1956
37,0
34,-294
43,275
44,724
44,27
53,26
36,191
58,-123
26,-147
34,179
55,1086
55,471
34,105
41,1588
38,70
28,2700
41,1602
30,0
39,839
41,21515
36,5902
37,547
59,3800
26,261
43,0
42,-34
46,9328
31,5
43,3529
48,2330
41,1334
32,3601
45,265
52,2227
37,487
38,0
36,174
58,14412
37,3288
30,57
47,2246
40,4441
42,0
71,353
54,448
53,27
33,474
30,1185
39,282
32,2
34,60
39,3972
75,26452
33,818
40,9374
37,47
69,279
52,20
31,360
28,1532
29,1673
46,2420
28,100
41,0
42,1533
34,296
28,2788
43,109
32,485
33,125
70,616
36,3064
53,206
30,6900
45,-179
31,481
28,12
45,0
51,176
53,4086
40,257
53,53
31,6
30,562
53,-118
40,2805
26,565
47,0
51,1612
45,180
35,0
36,876
57,2137
42,260
32,-53
30,944
36,2394
43,297
69,2144
31,969
35,0
26,37
46,410
30,1211
33,71
34,436
48,559
31,1170
46,25
40,1325
39,0
33,647
50,2142
84,639
40,177
55,236
40,1959
46,96
43,0
34,250
35,126
57,1621
25,8
32,189
52,316
31,-282
34,-308
42,248
47,126
50,13
30,-393
33,358
56,917
34,1268
33,-163
32,473
34,4831
37,1063
30,0
29,424
56,802
31,430
59,3940
36,2880
51,1069
54,4382
37,0
32,3939
42,753
29,358
52,1141
40,1259
30,227
55,538
49,92
33,8023
32,2478
21,6844
42,440
56,800
39,914
30,638
55,159
43,483
53,94
57,1044
39,0
56,401
29,33
38,506
59,1881
42,344
46,0
31,3
35,221
50,36
42,969
36,760
25,220
42,10907
27,-148
32,415
57,1341
48,865
34,-566
33,210
26,1275
50,579
60,2934
47,6637
31,271
52,0
36,472
43,487
30,699
32,150
31,1130
29,584
48,3186
32,133
30,868
48,480
51,1883
34,606
35,603
49,548
36,-872
37,33
37,1689
49,902
44,0
40,260
57,589
39,626
38,0
51,78
27,3792
38,14058
30,-522
36,386
37,1978
53,459
38,2812
48,5057
26,-759
33,-416
47,2106
45,220
32,0
69,426
65,4717
37,395
45,0
36,-206
62,6
37,4039
39,687
38,-242
31,582
58,8218
44,1424
31,92
33,2085
36,197
31,2305
45,-547
30,411
34,584
34,997
39,83
41,6563
32,0
32,0
36,398
35,1145
32,2
33,201
49,563
35,3161
31,0
42,1331
34,2929
32,-220
29,5980
32,48
50,0
58,3382
59,2308
25,10
57,162
30,1073
26,1700
50,148
39,0
45,185
37,896
47,1279
50,199
40,99
35,378
53,15
35,147
54,2225
35,1810
31,-6
46,435
52,335
34,-251
46,5
54,641
37,0
39,722
50,3337
44,0
56,1504
40,35
36,895
33,752
33,1925
42,-246
30,901
33,894
26,592
26,3529
37,0
59,0
49,371
33,1
46,834
55,298
49,306
51,143
27,186
44,5597
40,1547
36,1852
46,1790
30,20
35,8652
31,1626
37,749
49,51
27,-1
32,-32
70,6850
22,333
58,-27
33,932
83,0
50,100
53,-626
37,9
55,653
49,3608
41,293
40,36
48,263
27,8366
30,2186
37,20453
37,105
40,440
73,519
50,19447
53,225
47,2548
33,0
50,2284
51,40
42,364
34,174
44,10888
32,0
60,225
60,2131
29,-20
39,36
47,2642
30,400
31,1214
34,-292
51,1415
38,213
47,2540
46,3232
33,296
30,42
40,697
38,13156
63,1490
33,150
59,0
29,4210
54,1012
57,16063
57,5431
28,317
30,4787
28,225
45,3854
29,92
42,-10
31,-617
59,195
41,1172
57,0
43,0
30,-94
26,609
52,4
32,1121
39,355
31,3653
83,1097
34,436
40,4795
39,266
50,3357
30,101
43,10910
49,1568
41,0
35,305
57,31
29,452
48,5
38,7929
41,39
39,267
31,4945
51,463
35,2116
45,59
28,131
57,107
36,-35
49,230
34,2679
65,493
26,256
52,-133
32,811
33,302
43,3529
26,75
45,999
30,7845
37,260
45,2048
34,1557
35,505
41,1536
42,0
48,439
45,44
47,295
37,190
32,3935
40,-17
35,175
31,4888
36,40
44,4460
52,98
28,330
45,13117
38,12877
39,1506
28,0
31,775
46,258
22,246
49,2146
44,304
31,360
53,3316
55,6880
35,2189
35,5304
37,102
50,181
37,3953
37,6969
29,572
31,223
40,-396
47,164
55,2678
33,920
53,4554
38,623
61,967
43,1577
42,1
36,0
31,1166
59,3534
29,200
33,4790
44,-237
43,1335
42,603
32,577
43,0
39,163
23,1158
43,642
46,466
31,119
38,3436
53,238
37,378
49,32
31,315
45,6945
58,3496
35,0
32,309
28,0
26,668
48,1175
30,363
31,38
31,1183
45,942
38,4196
34,297
42,-91
60,362
42,1080
32,620
42,-166
33,288
42,642
51,2506
36,566
46,668
40,1100
49,322
38,1205
32,473
33,-333
57,-3313
57,295
28,1137
44,1136
